round,race,driver,lap,reference_lap,in_lap,out_lap,pit_loss,pit_lane_time
1,Australian,COL,46,85.2575,102.911,90.309,22.705000000000013,18.784
1,Australian,HAM,28,83.509,99.578,89.135,21.69500000000002,17.973
1,Australian,LEC,25,83.0975,97.834,89.317,20.956000000000017,17.925
1,Australian,PER,43,87.00550000000001,105.049,93.422,24.45999999999998,19.336
1,Australian,SAI,45,85.32400000000001,116.391,91.589,37.331999999999994,34.869
1,Australian,STR,26,87.416,118.866,97.514,41.548,33.444
1,Australian,STR,39,85.919,105.889,92.972,27.022999999999996,22.841
1,Australian,VER,41,83.29050000000001,98.866,87.991,20.275999999999982,18.305
2,Chinese,HUL,35,97.762,104.913,132.21,41.59899999999999,37.225
2,Chinese,LIN,42,97.154,103.637,117.028,26.357000000000028,23.274
2,Chinese,OCO,29,98.331,104.567,118.996,26.900999999999982,25.945
2,Chinese,OCO,46,97.846,103.55,140.887,48.745000000000005,47.11
3,Japanese,ALB,45,95.036,97.604,116.651,24.182999999999993,23.013
3,Japanese,BEA,16,96.645,98.787,117.448,22.94500000000002,25.048
3,Japanese,BOT,19,99.03899999999999,101.943,120.289,24.154000000000025,25.125
3,Japanese,COL,17,96.863,99.258,116.885,22.417,23.508
3,Japanese,HAD,19,96.7245,97.735,115.961,20.246999999999986,23.551
3,Japanese,LEC,17,95.201,97.448,114.337,21.38300000000001,22.982
3,Japanese,LIN,18,96.552,99.196,118.75,24.841999999999985,26.134
3,Japanese,NOR,16,95.1535,98.222,114.481,22.395999999999987,23.49
3,Japanese,OCO,19,96.7325,98.899,116.919,22.35299999999998,24.564
3,Japanese,PIA,18,94.89500000000001,97.327,114.537,22.073999999999984,23.442
4,Miami,ALB,27,94.6165,99.764,107.798,18.329000000000008,22.828
4,Miami,ALO,41,96.451,101.789,109.347,18.23400000000001,23.302
4,Miami,ANT,26,92.79050000000001,97.884,105.601,17.903999999999996,22.05
4,Miami,BEA,26,94.5365,99.688,108.534,19.149,23.41
4,Miami,BOR,32,94.43299999999999,100.472,108.829,20.435000000000002,23.926
4,Miami,BOT,21,96.649,102.797,111.648,21.14699999999999,23.8
4,Miami,COL,31,93.8735,99.432,108.726,20.411,23.12
4,Miami,HAM,27,93.55000000000001,99.396,107.869,20.164999999999964,23.767
4,Miami,LEC,21,93.588,98.504,108.975,20.302999999999997,23.362
4,Miami,LIN,28,95.3845,100.923,109.027,19.180999999999983,22.698
4,Miami,NOR,27,92.9645,98.504,107.153,19.72800000000001,22.552
4,Miami,OCO,31,94.77449999999999,100.336,109.454,20.241000000000014,24.067
4,Miami,PER,29,96.3155,102.282,109.853,19.50399999999999,23.184
4,Miami,PIA,28,93.852,98.991,107.494,18.781000000000006,23.034
4,Miami,RUS,20,93.752,99.114,105.973,17.583,21.951999999999998
4,Miami,SAI,28,94.3215,99.86,108.534,19.751000000000005,23.698
4,Miami,STR,21,96.371,101.443,110.529,19.22999999999999,22.662
4,Miami,STR,37,95.378,101.024,109.547,19.814999999999998,22.057
5,Canadian,ALO,20,80.608,97.254,84.22,20.25799999999998,24.669
5,Canadian,BOR,2,78.9265,107.354,87.141,36.641999999999996,28.116
5,Canadian,BOT,3,81.04,107.804,86.794,32.518,28.29
5,Canadian,BOT,9,79.925,99.439,86.03,25.619,24.854
5,Canadian,HUL,2,79.5555,103.067,85.251,29.206999999999994,24.976
5,Canadian,HUL,20,77.64349999999999,100.437,82.641,27.791000000000025,30.95
5,Canadian,NOR,2,78.341,97.774,84.075,25.167,23.493
5,Canadian,NOR,15,77.0675,98.836,83.114,27.814999999999998,28.853
5,Canadian,OCO,16,78.66499999999999,98.391,85.162,26.223000000000013,24.828
5,Canadian,PER,2,79.0715,105.019,87.118,33.994,25.74
5,Canadian,PER,15,78.59,96.181,84.198,23.198999999999984,25.09
5,Canadian,SAI,2,78.16,102.459,86.386,32.525000000000006,24.616
5,Canadian,STR,14,80.739,96.211,85.811,20.543999999999983,24.25
6,Monaco,ALB,43,79.9,99.0,82.343,21.543000000000006,25.547
6,Monaco,ALO,3,79.772,99.049,83.312,22.81699999999998,25.079
6,Monaco,ANT,37,76.68700000000001,93.595,82.214,22.434999999999974,24.078
6,Monaco,BOR,43,80.137,98.02,81.76,19.506,24.703
6,Monaco,COL,35,79.7895,99.849,81.423,21.692999999999984,25.687
6,Monaco,GAS,45,78.917,97.189,83.643,22.99799999999999,25.628
6,Monaco,HAD,32,78.705,96.191,85.121,23.902000000000015,24.923000000000002
6,Monaco,HAM,28,77.3145,94.17,80.829,20.370000000000005,24.097
6,Monaco,HUL,12,77.9405,94.679,80.349,19.14700000000002,24.845
6,Monaco,LAW,44,78.44999999999999,97.323,84.98,25.40300000000002,25.781
6,Monaco,LEC,35,77.5575,96.5,83.426,24.81099999999998,25.447
6,Monaco,OCO,9,78.63499999999999,97.26,81.954,21.944000000000017,25.406
6,Monaco,PER,4,79.13,100.066,82.032,23.838000000000022,27.141
6,Monaco,PIA,48,78.4375,96.741,83.646,23.512,24.125
6,Monaco,RUS,31,78.268,95.32,80.775,19.558999999999997,24.031
6,Monaco,SAI,52,78.28,96.576,81.892,21.907999999999987,25.734
6,Monaco,STR,4,79.5725,98.509,84.018,23.381999999999977,24.859
7,Barcelona,ALB,13,85.82300000000001,90.373,106.18,24.906999999999982,23.957
7,Barcelona,ALB,29,85.34,90.544,105.271,25.13499999999999,22.067
7,Barcelona,ALO,21,86.6485,93.829,105.173,25.705000000000013,22.203
7,Barcelona,ANT,14,82.7815,87.034,100.87,22.341000000000008,21.906
7,Barcelona,ANT,37,82.688,85.693,100.095,20.412000000000006,22.251
7,Barcelona,BEA,18,85.7255,91.2,104.483,24.232,23.035
7,Barcelona,BOR,15,85.1845,89.806,104.821,24.25800000000001,22.786
7,Barcelona,BOR,33,84.887,89.825,103.826,23.87700000000001,22.245
7,Barcelona,BOR,53,83.978,88.318,105.439,25.801000000000016,25.983
7,Barcelona,BOT,14,88.0065,92.208,120.78,36.974999999999994,23.369
7,Barcelona,COL,12,85.25450000000001,89.443,104.099,23.032999999999987,23.007
7,Barcelona,COL,34,84.582,88.651,102.632,22.119000000000028,22.168
7,Barcelona,GAS,14,84.773,89.745,102.799,22.99800000000002,22.76
7,Barcelona,HAD,15,84.0435,88.08,102.237,22.230000000000018,22.406
7,Barcelona,HAD,32,83.259,87.725,101.002,22.208999999999975,22.547
7,Barcelona,HAD,58,82.987,87.778,100.329,22.13300000000001,22.016
7,Barcelona,HAM,11,82.2335,87.828,100.8,24.160999999999973,22.4
7,Barcelona,HAM,27,81.9025,87.024,99.857,23.075999999999993,22.566
7,Barcelona,HUL,13,84.989,89.911,104.738,24.670999999999992,22.833
7,Barcelona,LAW,11,85.0275,89.068,106.877,25.889999999999986,25.863
7,Barcelona,LAW,35,85.103,89.233,103.904,22.93100000000001,23.154
7,Barcelona,LEC,16,82.854,87.915,101.974,24.18100000000001,22.195
7,Barcelona,LIN,22,85.5095,90.108,104.347,23.43599999999998,22.434
7,Barcelona,LIN,37,84.2595,87.334,104.033,22.848000000000013,23.97
7,Barcelona,NOR,13,82.8365,87.846,100.651,22.824000000000012,21.82
7,Barcelona,NOR,35,82.947,87.299,99.962,21.36700000000002,21.992
7,Barcelona,OCO,13,85.2805,91.048,104.509,24.99600000000001,23.284
7,Barcelona,OCO,34,86.566,91.087,106.543,24.49799999999999,26.48
7,Barcelona,OCO,58,85.2195,90.415,102.395,22.37100000000001,23.066
7,Barcelona,PER,12,86.053,91.348,106.469,25.711000000000013,24.854
7,Barcelona,PER,31,86.239,91.808,105.237,24.567000000000007,24.429
7,Barcelona,PIA,14,83.4285,88.542,102.741,24.426000000000016,21.86
7,Barcelona,PIA,36,83.0185,86.917,102.367,23.246999999999986,22.634
7,Barcelona,RUS,12,82.45949999999999,87.454,100.974,23.509000000000015,22.169
7,Barcelona,RUS,36,82.884,87.737,99.632,21.601,21.764
7,Barcelona,SAI,14,85.17750000000001,89.888,104.877,24.409999999999968,22.917
7,Barcelona,SAI,30,85.0315,88.745,105.059,23.741000000000014,22.692
7,Barcelona,SAI,55,84.218,89.059,103.794,24.417,22.678
7,Barcelona,VER,12,82.93299999999999,88.494,101.097,23.725000000000023,22.13
7,Barcelona,VER,29,82.464,87.242,102.514,24.828000000000003,24.2
8,Austrian,ALB,18,74.8895,78.858,91.904,20.983000000000004,21.302
8,Austrian,ALB,37,73.988,78.04,91.91,21.97399999999999,21.256
8,Austrian,BEA,45,73.708,78.343,89.486,20.41300000000001,22.069
8,Austrian,BOR,17,73.764,78.144,90.698,21.313999999999993,22.516
8,Austrian,BOR,44,73.446,78.407,89.12,20.63499999999999,21.808
8,Austrian,COL,20,74.53999999999999,79.177,92.123,22.220000000000027,21.682
8,Austrian,COL,46,73.599,77.878,90.778,21.458,21.294
8,Austrian,GAS,13,73.93100000000001,79.306,90.469,21.912999999999954,21.603
8,Austrian,GAS,38,72.951,78.051,89.337,21.48600000000002,21.27
8,Austrian,HAD,18,73.4725,76.939,89.177,19.170999999999992,21.712
8,Austrian,HAD,40,72.2125,75.797,87.758,19.129999999999995,21.298
8,Austrian,HAM,12,72.4685,77.539,89.201,21.802999999999997,21.298
8,Austrian,HAM,42,71.786,76.494,88.003,20.92500000000001,21.274
8,Austrian,HUL,21,74.434,78.389,90.115,19.635999999999996,21.678
8,Austrian,HUL,45,72.93950000000001,77.06,89.611,20.791999999999973,22.572
8,Austrian,LAW,19,73.824,78.467,91.043,21.861999999999995,22.038
8,Austrian,LAW,45,73.09299999999999,78.081,89.493,21.388000000000034,21.686
8,Austrian,LEC,13,72.8415,77.722,89.806,21.845,21.785
8,Austrian,LEC,37,71.78,78.434,88.302,23.175999999999988,21.042
8,Austrian,LEC,59,71.098,78.286,89.606,25.695999999999998,22.742
8,Austrian,LIN,18,73.76849999999999,77.791,89.66,19.914000000000016,21.319
8,Austrian,LIN,46,73.287,77.63,90.286,21.341999999999985,21.624
8,Austrian,NOR,21,73.323,78.354,90.005,21.712999999999994,21.552
8,Austrian,NOR,47,71.746,76.801,88.64,21.949000000000012,21.905
8,Austrian,OCO,18,75.03550000000001,79.724,91.801,21.45399999999998,21.873
8,Austrian,OCO,33,73.18549999999999,78.946,94.072,26.64700000000002,25.533
8,Austrian,PIA,19,73.179,78.254,89.535,21.430999999999983,22.124
8,Austrian,PIA,42,71.703,76.481,88.093,21.168000000000006,21.101
8,Austrian,RUS,19,72.786,77.085,89.073,20.585999999999984,21.186
8,Austrian,RUS,43,71.575,76.208,87.853,20.910999999999973,21.21
8,Austrian,SAI,14,74.46199999999999,78.818,91.666,21.560000000000002,21.413
8,Austrian,VER,18,72.6165,76.633,88.537,19.937000000000012,21.28
8,Austrian,VER,49,72.22149999999999,77.001,87.513,20.071000000000026,21.297
9,British,ALB,14,97.124,96.301,130.478,32.531000000000006,41.234
9,British,ALB,23,96.373,95.696,131.274,34.22399999999999,39.771
9,British,ALB,40,94.3655,94.492,119.819,25.580000000000013,32.616
9,British,ANT,35,93.53399999999999,92.976,113.81,19.718000000000018,28.762
9,British,ANT,41,92.70349999999999,97.116,137.782,49.49100000000004,41.368
9,British,BEA,29,95.9235,96.36,116.757,21.27000000000001,29.92
9,British,BOR,26,94.537,95.15,114.633,20.709000000000003,28.745
9,British,BOT,29,97.02000000000001,97.033,120.479,23.47199999999998,31.621
9,British,GAS,23,95.1725,95.388,122.407,27.450000000000017,33.718
9,British,HAD,19,95.0265,94.152,117.122,21.221000000000004,30.035
9,British,HAM,23,94.395,94.245,119.696,25.15100000000001,34.898
9,British,HUL,17,95.979,95.32,117.052,20.414000000000016,29.128
9,British,HUL,34,94.758,95.7,119.552,25.73600000000002,35.927
9,British,LAW,28,94.445,94.425,115.256,20.790999999999997,29.052
9,British,LEC,25,93.427,94.043,113.087,20.275999999999982,28.454
9,British,LIN,27,94.001,94.582,115.314,21.893999999999977,29.0
9,British,NOR,28,93.532,94.291,114.51,21.736999999999995,28.853
9,British,RUS,23,94.405,93.95,113.703,18.843000000000018,28.609
9,British,RUS,34,93.42099999999999,93.43,114.041,20.62900000000002,28.391
9,British,STR,18,99.129,98.555,117.914,18.210999999999984,28.597
9,British,VER,17,94.55,94.07,113.805,18.775000000000006,28.712
10,Belgian,ALO,31,115.93950000000001,124.124,133.039,25.283999999999992,24.736
10,Belgian,BOT,32,114.587,121.245,130.677,22.74799999999999,25.908
10,Belgian,COL,15,112.1965,117.406,127.628,20.64099999999999,24.07
10,Belgian,GAS,14,112.057,116.937,127.662,20.484999999999985,24.043
10,Belgian,LAW,15,112.441,116.581,126.99,18.688999999999993,23.854
10,Belgian,LIN,16,112.202,116.679,128.544,20.819000000000017,24.852
10,Belgian,NOR,30,109.9375,115.056,129.847,25.02800000000002,28.289
10,Belgian,OCO,16,113.1805,118.022,127.396,19.057000000000016,24.106
10,Belgian,SAI,14,112.593,117.774,140.077,32.66499999999999,34.9
11,Hungarian,ALB,26,88.21000000000001,91.997,108.303,23.879999999999995,22.14
11,Hungarian,ALO,34,88.125,91.532,105.31,20.591999999999985,22.181
11,Hungarian,ANT,22,85.4025,88.51,104.538,22.242999999999995,21.431
11,Hungarian,ANT,53,84.673,87.057,102.02,19.730999999999995,21.231
11,Hungarian,BEA,22,87.50999999999999,91.004,105.84,21.824000000000012,22.59
11,Hungarian,BEA,42,86.87950000000001,89.372,105.916,21.528999999999996,22.196
11,Hungarian,BOR,29,86.956,91.099,104.949,22.135999999999996,21.759
11,Hungarian,COL,15,87.79249999999999,90.993,107.212,22.620000000000005,22.968
11,Hungarian,GAS,16,87.12049999999999,91.103,105.148,22.00999999999999,21.437
11,Hungarian,GAS,39,85.364,90.776,108.555,28.60300000000001,21.643
11,Hungarian,HAD,19,86.152,91.582,104.672,23.94999999999999,21.918
11,Hungarian,HAD,42,84.545,87.928,103.421,22.258999999999986,22.27
11,Hungarian,HAM,13,85.564,88.64,103.085,20.59700000000001,21.684
11,Hungarian,HAM,30,84.971,88.24,103.95,22.24799999999999,21.684
11,Hungarian,HUL,19,87.3235,90.376,104.492,20.221000000000004,21.406
11,Hungarian,HUL,39,85.365,88.815,103.396,21.481000000000023,22.219
11,Hungarian,LAW,21,87.5495,90.678,105.587,21.165999999999997,22.201
11,Hungarian,LAW,42,85.7465,88.645,103.497,20.649,21.684
11,Hungarian,LEC,16,85.41550000000001,88.909,104.646,22.72399999999999,21.915
11,Hungarian,LEC,36,85.41,88.451,104.285,21.915999999999997,21.732
11,Hungarian,LIN,20,87.41399999999999,89.434,104.243,18.849000000000018,21.447
11,Hungarian,NOR,17,85.34299999999999,87.912,105.312,22.53800000000001,22.116
11,Hungarian,OCO,17,87.953,90.958,106.962,22.01400000000001,22.475
11,Hungarian,OCO,35,87.361,89.788,108.386,23.45199999999997,22.447
11,Hungarian,PER,46,89.179,94.111,111.42,27.173000000000002,24.262
11,Hungarian,PIA,16,85.5305,88.518,104.725,22.181999999999988,21.694
11,Hungarian,PIA,33,85.506,88.013,104.099,21.100000000000023,21.656
11,Hungarian,RUS,27,85.341,89.524,105.061,23.90300000000002,22.263
11,Hungarian,SAI,18,87.82249999999999,90.214,104.718,19.287000000000035,21.642
11,Hungarian,SAI,43,87.53,90.441,112.387,27.768,28.585
11,Hungarian,STR,8,87.9885,91.065,104.057,19.14500000000001,21.849
11,Hungarian,VER,14,85.6245,88.509,103.352,20.611999999999995,21.647
11,Hungarian,VER,41,84.514,88.414,103.103,22.489000000000004,22.016
12,Dutch,ALB,26,79.0795,82.112,94.364,18.317000000000007,17.634
12,Dutch,ALB,49,78.775,81.409,94.131,17.99000000000001,17.402
12,Dutch,ALO,34,78.978,82.686,94.603,19.333,17.679
12,Dutch,ANT,21,76.744,80.539,94.203,21.25400000000002,18.838
12,Dutch,ANT,40,76.322,79.389,92.584,19.329000000000008,17.793
12,Dutch,BOR,11,79.08,82.043,93.256,17.13900000000001,17.989
12,Dutch,BOR,34,78.94749999999999,81.813,93.624,17.54200000000003,17.451
12,Dutch,BOT,28,79.7875,84.034,98.219,22.677999999999997,19.977
12,Dutch,COL,21,79.30950000000001,84.369,96.798,22.547999999999973,19.461
12,Dutch,COL,45,78.299,80.945,93.304,17.650999999999982,18.326
12,Dutch,GAS,18,78.864,82.272,95.099,19.643,17.997
12,Dutch,GAS,46,77.5,80.672,93.576,19.24799999999999,17.996
12,Dutch,HAM,25,76.71350000000001,80.979,92.914,20.46599999999998,18.006
12,Dutch,HUL,19,79.096,82.05,93.592,17.44999999999999,16.876
12,Dutch,HUL,48,77.891,81.036,93.364,18.617999999999995,17.7
12,Dutch,LAW,21,78.1005,81.99,94.757,20.54600000000002,18.454
12,Dutch,LAW,47,77.34,81.272,93.401,19.992999999999995,18.178
12,Dutch,LEC,21,76.69,80.974,94.694,22.28800000000001,19.703
12,Dutch,LEC,43,75.9425,80.438,94.081,22.634000000000015,18.826
12,Dutch,LIN,5,78.855,87.335,89.772,19.39699999999999,12.188
12,Dutch,LIN,36,78.8475,84.398,94.648,21.351,18.518
12,Dutch,NOR,21,76.729,80.58,93.27,20.391999999999996,18.088
12,Dutch,NOR,47,76.299,79.316,91.669,18.387,17.468
12,Dutch,OCO,16,79.3365,82.727,94.873,18.92700000000002,18.584
12,Dutch,OCO,36,78.5335,82.702,93.849,19.48399999999998,17.853
12,Dutch,PER,29,79.31899999999999,83.908,94.868,20.138000000000034,18.354
12,Dutch,PIA,18,76.981,80.638,95.789,22.465000000000032,20.244
12,Dutch,PIA,44,76.533,80.263,93.197,20.394000000000005,18.038
12,Dutch,RUS,17,76.952,80.135,93.672,19.90300000000002,18.1
12,Dutch,RUS,40,76.7295,79.493,92.107,18.14099999999999,17.456
12,Dutch,SAI,30,79.69749999999999,83.704,94.79,19.099000000000018,17.72
12,Dutch,SAI,65,78.41650000000001,105.224,95.814,44.204999999999984,18.064
12,Dutch,STR,15,79.2415,82.655,94.265,18.437000000000012,17.876
12,Dutch,STR,35,78.577,81.436,93.316,17.598000000000013,17.173
12,Dutch,TSU,18,78.9505,82.11,94.257,18.466000000000008,18.258
12,Dutch,TSU,44,77.7595,81.984,93.216,19.680999999999983,17.848
13,Italian,ALB,46,86.977,91.926,109.658,27.629999999999995,26.384
13,Italian,LAW,12,86.838,93.743,115.493,35.56,31.073
14,Spanish,ALO,37,100.292,104.253,125.391,29.060000000000002,31.944
14,Spanish,BEA,33,99.27799999999999,101.711,124.98,28.13500000000002,33.376
14,Spanish,BEA,43,99.2285,102.351,121.49,25.384000000000015,31.572
14,Spanish,BOR,47,98.929,103.703,120.65,26.495000000000005,30.761
14,Spanish,BOT,29,103.2475,108.049,127.536,29.090000000000003,31.668
14,Spanish,BOT,43,102.39349999999999,106.131,124.43,25.77400000000003,31.655
14,Spanish,GAS,55,99.5245,104.713,121.049,26.712999999999994,31.427
14,Spanish,LAW,44,98.2225,101.585,121.703,26.843000000000018,30.961
14,Spanish,LEC,48,97.5735,101.576,120.567,26.99599999999998,31.241
14,Spanish,PIA,42,98.7995,102.194,121.789,26.384000000000015,31.386
14,Spanish,RUS,28,98.5265,101.437,120.878,25.262,30.688
14,Spanish,SAI,23,102.041,104.987,143.167,44.072,46.316
14,Spanish,SAI,31,102.049,107.505,125.071,28.47799999999998,31.242
14,Spanish,TSU,36,99.799,102.736,122.821,25.959000000000003,31.278
15,Azerbaijan,BOT,26,111.68299999999999,119.011,133.575,29.22,23.001
15,Azerbaijan,SAI,20,109.1225,113.455,127.727,22.937000000000012,20.788
