round,race,race_laps,driver,stint,compound,clean_laps,start_lap,race_fraction,deg_per_lap,pace_at_age5
1,Australian,58,ALB,1,MEDIUM,9,2,0.034482758620689655,-0.2718586206896557,84.9818624521073
1,Australian,58,ALB,2,HARD,17,14,0.2413793103448276,0.07523195381662551,84.12504734414662
1,Australian,58,ALB,3,SOFT,23,35,0.603448275862069,0.05338070737358317,84.21401431102629
1,Australian,58,ALO,1,SOFT,9,2,0.034482758620689655,-0.0577586206896608,85.88098467432948
1,Australian,58,ANT,1,MEDIUM,9,2,0.034482758620689655,-0.3153086206896594,83.04420134099615
1,Australian,58,ANT,2,HARD,40,15,0.25862068965517243,0.023608272352876675,81.75009455601298
1,Australian,58,BEA,1,MEDIUM,13,2,0.034482758620689655,-0.09065652005457839,84.17896019406028
1,Australian,58,BEA,2,HARD,36,20,0.3448275862068966,0.05116274918684005,83.21865344386431
1,Australian,58,BOR,1,MEDIUM,13,2,0.034482758620689655,-0.09011084345467593,84.41366561662987
1,Australian,58,BOR,2,HARD,13,20,0.3448275862068966,-0.020895983327018627,83.36342535051156
1,Australian,58,BOR,3,HARD,23,35,0.603448275862069,0.08557339512061961,83.28795106991956
1,Australian,58,BOT,1,HARD,9,2,0.034482758620689655,-0.2336086206896553,86.42272356321837
1,Australian,58,COL,2,HARD,28,14,0.2413793103448276,0.054587041517963536,83.48817690359235
1,Australian,58,COL,3,SOFT,9,48,0.8275862068965517,0.14990804597700688,83.99675478927202
1,Australian,58,GAS,1,MEDIUM,9,2,0.034482758620689655,-0.11374195402299014,84.25807911877396
1,Australian,58,GAS,2,HARD,40,14,0.2413793103448276,0.042738822101487585,83.59588936388661
1,Australian,58,HAD,1,MEDIUM,9,2,0.034482758620689655,-0.019675287356324407,83.58079022988508
1,Australian,58,HAM,1,MEDIUM,20,2,0.034482758620689655,-0.01298386312810213,82.69164534061963
1,Australian,58,HAM,2,HARD,28,30,0.5172413793103449,0.014680756395996458,82.2003325917686
1,Australian,58,LAW,1,MEDIUM,9,2,0.034482758620689655,-0.22475862068965294,85.1189846743295
1,Australian,58,LAW,2,HARD,17,14,0.2413793103448276,-0.03517973828391011,84.73056224849871
1,Australian,58,LAW,3,SOFT,23,35,0.603448275862069,0.06879770342101439,83.65063486438598
1,Australian,58,LEC,1,MEDIUM,17,2,0.034482758620689655,-0.05100902133068287,82.96235673629535
1,Australian,58,LEC,2,HARD,31,27,0.46551724137931033,0.034471538812386494,82.06068837405844
1,Australian,58,LIN,1,MEDIUM,12,2,0.034482758620689655,-0.03220287156073595,83.90601177460049
1,Australian,58,LIN,2,HARD,36,20,0.3448275862068966,0.06108463571934099,83.29066367857376
1,Australian,58,NOR,1,MEDIUM,9,2,0.034482758620689655,-0.18907528735631968,84.01741245210728
1,Australian,58,NOR,2,HARD,17,14,0.2413793103448276,0.05123769991496,82.22612788042137
1,Australian,58,NOR,3,MEDIUM,23,36,0.6206896551724138,0.00040936350006847154,82.67315687610738
1,Australian,58,OCO,1,MEDIUM,9,2,0.034482758620689655,-0.17429195402298975,84.17829578544061
1,Australian,58,OCO,2,HARD,40,14,0.2413793103448276,0.03459078983893779,83.82764162365577
1,Australian,58,PER,1,MEDIUM,13,2,0.034482758620689655,0.11466492596398235,85.74292990583356
1,Australian,58,PER,2,HARD,21,20,0.3448275862068966,0.05621625867452307,86.66498719580028
1,Australian,58,PER,3,SOFT,11,45,0.7758620689655172,0.23145047021943485,86.20125893416927
1,Australian,58,RUS,1,MEDIUM,10,2,0.034482758620689655,-0.06433437826541318,83.00277053291538
1,Australian,58,RUS,2,HARD,40,15,0.25862068965517243,0.03790286190128756,81.51949499918992
1,Australian,58,SAI,1,SOFT,9,2,0.034482758620689655,-0.2842919540229908,85.10674022988506
1,Australian,58,SAI,2,HARD,17,14,0.2413793103448276,0.18560067015414858,83.29945093790629
1,Australian,58,SAI,3,MEDIUM,10,35,0.603448275862069,0.08245350052246732,85.03555423197493
1,Australian,58,SAI,4,SOFT,10,47,0.8103448275862069,-0.5453464994775294,86.27865078369909
1,Australian,58,STR,1,MEDIUM,9,2,0.034482758620689655,-0.08322528735632354,86.2728957854406
1,Australian,58,STR,2,HARD,9,14,0.2413793103448276,0.13703683385579704,85.63756913967258
1,Australian,58,VER,1,HARD,12,2,0.034482758620689655,-0.10580391685690052,83.86836543313707
1,Australian,58,VER,2,MEDIUM,20,20,0.3448275862068966,0.07289167139743856,82.15132973794567
1,Australian,58,VER,3,HARD,16,43,0.7413793103448276,0.10959137931034696,82.09252844827584
2,Chinese,56,ALO,1,HARD,22,2,0.03571428571428571,-0.0420312727792461,99.68491462159653
2,Chinese,56,ANT,1,MEDIUM,8,2,0.03571428571428571,-0.08532142857143012,95.6584285714286
2,Chinese,56,ANT,2,HARD,39,14,0.25,-0.0014937466934057287,95.45927291853782
2,Chinese,56,BEA,1,MEDIUM,8,2,0.03571428571428571,-0.10240476190475979,97.68009523809526
2,Chinese,56,BEA,2,HARD,39,14,0.25,-0.007754981729148535,96.89698710336258
2,Chinese,56,BOT,1,MEDIUM,8,2,0.03571428571428571,-0.030761904761907558,99.25377380952382
2,Chinese,56,BOT,2,HARD,37,14,0.25,0.013442510446109742,98.63012012693937
2,Chinese,56,COL,1,HARD,23,2,0.03571428571428571,0.01366545643832635,97.16361621793277
2,Chinese,56,COL,2,MEDIUM,21,34,0.6071428571428571,0.1277416670781689,96.19835543923759
2,Chinese,56,GAS,1,MEDIUM,8,2,0.03571428571428571,-0.021642857142853907,96.68796428571433
2,Chinese,56,GAS,2,HARD,38,14,0.25,-0.03084339882975181,97.43575316707972
2,Chinese,56,HAD,3,HARD,38,14,0.25,-0.0002280796954244174,97.35662966557182
2,Chinese,56,HAM,1,MEDIUM,8,2,0.03571428571428571,-0.09634523809523839,96.4129404761905
2,Chinese,56,HAM,2,HARD,39,14,0.25,0.0030751448749342207,95.98785531454163
2,Chinese,56,HUL,1,HARD,24,2,0.03571428571428571,-0.021286757020546675,97.81642991808843
2,Chinese,56,HUL,2,MEDIUM,18,37,0.6607142857142857,0.10371177944861991,96.32250626566412
2,Chinese,56,LAW,2,HARD,37,14,0.25,-0.019047848007699302,97.6699792785317
2,Chinese,56,LEC,1,MEDIUM,8,2,0.03571428571428571,-0.06876190476190716,96.26877380952386
2,Chinese,56,LEC,2,HARD,39,14,0.25,0.007445479040810705,95.98685984472854
2,Chinese,56,LIN,1,HARD,32,2,0.03571428571428571,-0.0017570510062297953,97.83625152047932
2,Chinese,56,LIN,2,MEDIUM,11,44,0.7857142857142857,0.17322963951935955,95.93081575433908
2,Chinese,56,OCO,1,HARD,20,2,0.03571428571428571,0.014191377461380146,97.28704161818054
2,Chinese,56,OCO,2,MEDIUM,14,31,0.5535714285714286,0.13588087850090705,96.84400882530724
2,Chinese,56,PER,1,MEDIUM,8,2,0.03571428571428571,0.08536904761905303,99.07958333333337
2,Chinese,56,PER,2,HARD,37,14,0.25,0.04166148968432731,98.59238763038184
2,Chinese,56,RUS,1,MEDIUM,8,2,0.03571428571428571,-0.07107142857142659,95.59267857142862
2,Chinese,56,RUS,2,HARD,39,14,0.25,-0.020417775631482595,96.01394304169693
2,Chinese,56,SAI,2,HARD,37,14,0.25,0.007876925619540833,97.75187811660217
2,Chinese,56,STR,1,HARD,8,2,0.03571428571428571,-0.10980952380952357,99.41429761904766
2,Chinese,56,VER,2,HARD,27,14,0.25,-0.031811006199377184,97.30531610287379
3,Japanese,53,ALB,1,MEDIUM,19,2,0.03773584905660377,-0.005999668983782954,95.45366832174776
3,Japanese,53,ALB,2,HARD,17,28,0.5283018867924528,-0.04719136145024369,95.30477441731416
3,Japanese,53,ALO,1,MEDIUM,19,2,0.03773584905660377,0.03130559417411305,96.57025779543196
3,Japanese,53,ALO,3,MEDIUM,25,28,0.5283018867924528,0.03144779390421047,96.50397515239463
3,Japanese,53,ANT,1,MEDIUM,20,2,0.03773584905660377,-0.003974606327136545,93.34251418640943
3,Japanese,53,ANT,2,HARD,26,28,0.5283018867924528,0.04071813578455315,91.94429428156745
3,Japanese,53,BEA,1,MEDIUM,14,2,0.03773584905660377,0.03515471698112925,94.93237358490565
3,Japanese,53,BOR,1,MEDIUM,19,2,0.03773584905660377,0.0009617345249906354,95.0835841112214
3,Japanese,53,BOR,2,HARD,26,28,0.5283018867924528,-0.010278787292371768,94.73682966618287
3,Japanese,53,BOT,1,HARD,17,2,0.03773584905660377,0.12430618756936518,96.6194868201998
3,Japanese,53,BOT,2,MEDIUM,25,28,0.5283018867924528,0.09791702467344128,95.42591628447018
3,Japanese,53,COL,1,MEDIUM,15,2,0.03773584905660377,0.03991185983827438,94.84781168014374
3,Japanese,53,COL,2,HARD,28,19,0.3584905660377358,-0.0088180262265806,94.90348326525887
3,Japanese,53,GAS,1,MEDIUM,20,2,0.03773584905660377,0.03986298765782609,93.84596982550717
3,Japanese,53,GAS,2,HARD,26,28,0.5283018867924528,0.02635129817771482,93.24951582002902
3,Japanese,53,HAD,1,MEDIUM,17,2,0.03773584905660377,0.030693442471328262,94.93543289863112
3,Japanese,53,HAD,2,HARD,26,28,0.5283018867924528,0.0023547169811335865,94.38471320754716
3,Japanese,53,HAM,1,MEDIUM,20,2,0.03773584905660377,0.009526897432263037,93.54380441197331
3,Japanese,53,HAM,2,HARD,26,28,0.5283018867924528,0.06660155458797162,92.49213735849055
3,Japanese,53,HUL,1,MEDIUM,19,2,0.03773584905660377,-0.04868563389606381,95.23888937437934
3,Japanese,53,HUL,2,HARD,26,28,0.5283018867924528,-0.03507605224963806,94.72913207547165
3,Japanese,53,LAW,1,MEDIUM,18,2,0.03773584905660377,0.03346925756989009,94.82543876480456
3,Japanese,53,LAW,2,HARD,26,28,0.5283018867924528,0.014440528946946312,94.08119582002901
3,Japanese,53,LEC,1,MEDIUM,15,2,0.03773584905660377,0.04443685983827477,93.40297834681041
3,Japanese,53,LEC,2,HARD,29,19,0.3584905660377358,0.004329148874819263,92.9247811822228
3,Japanese,53,LIN,1,MEDIUM,16,2,0.03773584905660377,0.06951059933407654,94.7037471143174
3,Japanese,53,LIN,2,HARD,27,20,0.37735849056603776,-0.00597031971502463,94.63738503081281
3,Japanese,53,NOR,1,MEDIUM,14,2,0.03773584905660377,0.04124482687124376,93.43341534314739
3,Japanese,53,NOR,2,HARD,30,18,0.33962264150943394,0.022005459563648716,92.87869498880909
3,Japanese,53,OCO,1,MEDIUM,17,2,0.03773584905660377,0.07973265815759956,94.36247211431744
3,Japanese,53,OCO,2,HARD,26,28,0.5283018867924528,0.018315400741815785,93.97324654088052
3,Japanese,53,PER,1,MEDIUM,19,2,0.03773584905660377,0.06092313803376272,96.00823674280039
3,Japanese,53,PER,2,HARD,26,28,0.5283018867924528,0.01212258022899451,95.5532886244154
3,Japanese,53,PIA,1,MEDIUM,16,2,0.03773584905660377,0.030063540510549554,93.17300887902326
3,Japanese,53,PIA,2,HARD,28,20,0.37735849056603776,0.012170363636140194,92.79674988361054
3,Japanese,53,RUS,1,MEDIUM,19,2,0.03773584905660377,0.050779278384639116,92.97683674280037
3,Japanese,53,RUS,2,HARD,26,28,0.5283018867924528,0.001468905015320046,93.02530537655215
3,Japanese,53,SAI,1,MEDIUM,19,2,0.03773584905660377,-0.009261072492553727,95.40502621648457
3,Japanese,53,SAI,2,HARD,26,28,0.5283018867924528,-0.0030709240445067577,94.77217735849055
3,Japanese,53,STR,1,MEDIUM,19,2,0.03773584905660377,0.04849331347235917,96.3798156901688
3,Japanese,53,VER,1,MEDIUM,20,2,0.03773584905660377,0.0021043410412836354,94.18195102851467
3,Japanese,53,VER,2,HARD,26,28,0.5283018867924528,0.01953181099822889,93.35038658925977
4,Miami,57,ALB,1,MEDIUM,17,2,0.03508771929824561,0.04654845047150761,93.01711093535904
4,Miami,57,ALB,2,HARD,27,29,0.5087719298245614,0.04560638325005134,93.21721450508718
4,Miami,57,ALO,1,MEDIUM,31,2,0.03508771929824561,0.03906057234850923,94.4715272179106
4,Miami,57,ALO,2,SOFT,12,43,0.7543859649122807,0.05410773323199593,95.01961457343714
4,Miami,57,ANT,1,MEDIUM,16,2,0.03508771929824561,0.0260314318603328,91.26937921276456
4,Miami,57,ANT,2,HARD,28,28,0.49122807017543857,0.038111777490180715,91.37814590368673
4,Miami,57,BEA,1,MEDIUM,16,2,0.03508771929824561,0.023790848628255534,93.45521548250942
4,Miami,57,BEA,2,HARD,27,28,0.49122807017543857,0.07816504334761383,93.01565738993742
4,Miami,57,BOR,1,MEDIUM,22,2,0.03508771929824561,-0.027423900432443048,94.50143059803817
4,Miami,57,BOR,2,HARD,21,34,0.5964912280701754,0.06512298475628993,93.18546819521985
4,Miami,57,BOT,2,SOFT,8,12,0.21052631578947367,0.16786925913510056,94.3064726785115
4,Miami,57,BOT,4,MEDIUM,22,32,0.5614035087719298,0.06811921397787374,96.98210381723541
4,Miami,57,COL,1,MEDIUM,21,2,0.03508771929824561,0.03351125321609741,92.44033367471835
4,Miami,57,COL,2,HARD,23,33,0.5789473684210527,0.044460643901977494,92.70195896241947
4,Miami,57,HAM,1,MEDIUM,17,2,0.03508771929824561,0.06273572714327791,91.81304361785018
4,Miami,57,HAM,2,HARD,27,29,0.5087719298245614,0.09032572258696629,92.01460654159327
4,Miami,57,LEC,1,MEDIUM,11,2,0.03508771929824561,0.05818241096621342,91.70214738619447
4,Miami,57,LEC,2,HARD,33,23,0.40350877192982454,0.026683889358780827,91.98884316850722
4,Miami,57,LIN,1,MEDIUM,17,2,0.03508771929824561,0.027822480184622144,94.20940383802134
4,Miami,57,LIN,2,HARD,25,30,0.5263157894736842,0.06464393209130007,93.769303816067
4,Miami,57,NOR,1,MEDIUM,17,2,0.03508771929824561,0.03610115593347866,91.10724786746728
4,Miami,57,NOR,2,HARD,27,29,0.5087719298245614,0.04282347328037175,91.44673570006445
4,Miami,57,OCO,1,MEDIUM,21,2,0.03508771929824561,0.01769991007418958,93.69704107861016
4,Miami,57,OCO,2,HARD,22,33,0.5789473684210527,0.07003573516463449,93.48555631223414
4,Miami,57,PER,1,MEDIUM,19,2,0.03508771929824561,0.028622911445280334,94.7032613826233
4,Miami,57,PER,2,HARD,24,31,0.543859649122807,0.05255591480284019,95.11102554914837
4,Miami,57,PIA,1,MEDIUM,18,2,0.03508771929824561,0.042779354303364395,91.80012964231214
4,Miami,57,PIA,2,HARD,26,30,0.5263157894736842,0.017685016707541357,92.02096780172464
4,Miami,57,RUS,1,MEDIUM,10,2,0.03508771929824561,0.0638270921803256,91.69662690344447
4,Miami,57,RUS,2,HARD,34,22,0.38596491228070173,0.04015780993670999,92.2032256229591
4,Miami,57,SAI,1,MEDIUM,18,2,0.03508771929824561,0.03048930516994833,93.07614967362792
4,Miami,57,SAI,2,HARD,26,30,0.5263157894736842,0.05792973042661552,92.87041118689638
4,Miami,57,STR,1,MEDIUM,11,2,0.03508771929824561,0.04178087339498005,94.71578738112981
4,Miami,57,STR,2,SOFT,14,23,0.40350877192982454,0.06861561596298553,94.52117894736843
4,Miami,57,STR,3,SOFT,16,39,0.6842105263157895,-0.0019459711224940987,94.79701257568696
4,Miami,57,VER,2,HARD,43,12,0.21052631578947367,0.051991222299056554,91.72533489459454
5,Canadian,68,ALB,1,SOFT,10,2,0.029411764705882353,-0.7309262032085533,78.89185989304812
5,Canadian,68,ALO,1,SOFT,14,2,0.029411764705882353,-0.028945878059251605,79.0758275440103
5,Canadian,68,ANT,1,SOFT,25,2,0.029411764705882353,-0.04461816682559223,75.57044401760174
5,Canadian,68,ANT,2,MEDIUM,31,33,0.4852941176470588,-0.02568955405572325,75.09909420054726
5,Canadian,68,BEA,1,SOFT,23,2,0.029411764705882353,-0.1327793214765424,78.98336180525631
5,Canadian,68,BEA,2,MEDIUM,31,32,0.47058823529411764,-0.02152302879486693,76.73419956410005
5,Canadian,68,BOR,2,SOFT,12,4,0.058823529411764705,-0.1647414196919204,77.287539005495
5,Canadian,68,BOR,3,MEDIUM,37,20,0.29411764705882354,0.0077847141812294055,76.39495023372167
5,Canadian,68,BOT,3,MEDIUM,13,14,0.20588235294117646,0.078857670706472,78.24338427431273
5,Canadian,68,BOT,4,SOFT,16,31,0.45588235294117646,0.11110541681461039,78.35689738430581
5,Canadian,68,BOT,5,MEDIUM,13,51,0.75,-0.29679419729976647,80.1622717750607
5,Canadian,68,COL,1,MEDIUM,24,2,0.029411764705882353,-0.1001421714410667,77.39483022086156
5,Canadian,68,COL,2,HARD,29,33,0.4852941176470588,-0.0028777205805382905,76.22696014187107
5,Canadian,68,GAS,1,MEDIUM,23,2,0.029411764705882353,-0.14631527042096612,78.36667720239757
5,Canadian,68,GAS,2,HARD,29,33,0.4852941176470588,-0.00959511284876382,76.32867922822844
5,Canadian,68,HAD,1,SOFT,25,2,0.029411764705882353,-0.05535485740934777,76.17442076487787
5,Canadian,68,HAD,2,MEDIUM,17,33,0.4852941176470588,-0.051482886670611495,75.53892701501739
5,Canadian,68,HAM,1,SOFT,25,2,0.029411764705882353,-0.039177959544168285,75.89563424833126
5,Canadian,68,HAM,2,MEDIUM,30,33,0.4852941176470588,-0.0045593722805965945,74.82779613731117
5,Canadian,68,HUL,2,SOFT,12,4,0.058823529411764705,-0.18034793230109764,78.39806495720487
5,Canadian,68,HUL,3,MEDIUM,36,22,0.3235294117647059,0.020081722994180436,76.03443445369308
5,Canadian,68,LAW,1,MEDIUM,23,2,0.029411764705882353,-0.09078026395823426,77.67864865866642
5,Canadian,68,LAW,2,SOFT,29,33,0.4852941176470588,-0.00923438777323504,76.40106145554377
5,Canadian,68,LEC,1,SOFT,25,2,0.029411764705882353,-0.058587296066446005,76.05347577417892
5,Canadian,68,LEC,2,MEDIUM,31,33,0.4852941176470588,0.04719771862324164,74.88959858165501
5,Canadian,68,NOR,2,MEDIUM,8,4,0.058823529411764705,-0.4004614845938346,76.7143410364146
5,Canadian,68,NOR,3,MEDIUM,17,17,0.25,-0.02164010060953123,75.67372034956303
5,Canadian,68,OCO,1,SOFT,11,2,0.029411764705882353,-0.3594518585348206,79.77967935763262
5,Canadian,68,OCO,2,MEDIUM,10,19,0.27941176470588236,-0.0031625668449189945,77.2468770053476
5,Canadian,68,OCO,3,SOFT,30,32,0.47058823529411764,-0.027445798230704307,77.69393281387644
5,Canadian,68,PER,2,SOFT,9,4,0.058823529411764705,-0.15844060138021912,77.57827053894184
5,Canadian,68,PER,3,MEDIUM,11,17,0.25,-0.08274807607253519,77.30778584697036
5,Canadian,68,PIA,2,MEDIUM,9,3,0.04411764705882353,-0.4874852941176509,77.18083823529413
5,Canadian,68,PIA,3,MEDIUM,30,14,0.20588235294117646,-0.0075448074648945184,76.1626981247294
5,Canadian,68,PIA,4,SOFT,13,53,0.7794117647058824,0.007640129037392767,76.31931920825204
5,Canadian,68,RUS,1,SOFT,25,2,0.029411764705882353,-0.040068273123758574,75.43391128792733
5,Canadian,68,SAI,2,MEDIUM,21,4,0.058823529411764705,-0.04318864150826415,76.7069980774598
5,Canadian,68,SAI,3,MEDIUM,31,32,0.47058823529411764,-0.011397598479360536,76.70931428532657
5,Canadian,68,STR,1,SOFT,10,2,0.029411764705882353,-0.4111504456327953,80.76789625668448
5,Canadian,68,STR,2,SOFT,25,16,0.23529411764705882,0.026541446909093956,79.1029121516474
5,Canadian,68,STR,3,MEDIUM,12,52,0.7647058823529411,0.15507239819004437,79.53831334841628
5,Canadian,68,VER,1,SOFT,25,2,0.029411764705882353,-0.04650159316982173,75.82213296128974
5,Canadian,68,VER,2,MEDIUM,30,33,0.4852941176470588,-0.017479829335133836,75.22205071889651
6,Monaco,78,ALB,1,MEDIUM,41,2,0.02564102564102564,0.04773952023586366,76.98934185205034
6,Monaco,78,ALB,2,SOFT,13,45,0.5769230769230769,-0.34731318681318846,80.7117087912088
6,Monaco,78,ALO,2,SOFT,53,5,0.0641025641025641,0.04562465731333721,77.3430189485567
6,Monaco,78,ANT,1,MEDIUM,35,2,0.02564102564102564,0.017691747468218604,74.96429795302735
6,Monaco,78,ANT,2,HARD,21,39,0.5,-0.030381718281718394,75.58678558108554
6,Monaco,78,BEA,2,HARD,25,3,0.038461538461538464,-0.11245307692307688,79.69358230769232
6,Monaco,78,BOR,2,HARD,40,3,0.038461538461538464,-0.02514943714821835,78.84801763602256
6,Monaco,78,BOR,3,MEDIUM,12,45,0.5769230769230769,0.588972027972026,77.3588648018648
6,Monaco,78,BOT,2,MEDIUM,13,3,0.038461538461538464,0.03122527472527561,79.5987087912088
6,Monaco,78,COL,1,MEDIUM,33,2,0.02564102564102564,0.022323992184285307,77.38279509461125
6,Monaco,78,COL,2,HARD,21,37,0.47435897435897434,0.11839230769230713,78.743078021978
6,Monaco,78,GAS,1,MEDIUM,43,2,0.02564102564102564,0.02338499872220843,76.68920240224887
6,Monaco,78,GAS,2,HARD,12,47,0.6025641025641025,-0.156055944055948,77.8831526806527
6,Monaco,78,HAD,1,MEDIUM,30,2,0.02564102564102564,0.08232122871566618,75.7689289466929
6,Monaco,78,HAD,2,HARD,25,34,0.4358974358974359,0.014789999999999684,76.86713615384616
6,Monaco,78,HAM,1,MEDIUM,26,2,0.02564102564102564,0.045599316239316415,75.06757572649573
6,Monaco,78,HAM,2,HARD,30,30,0.38461538461538464,0.010395978437581176,75.91725394027549
6,Monaco,78,HUL,1,MEDIUM,10,2,0.02564102564102564,-0.17238041958041864,78.12477062937062
6,Monaco,78,HUL,2,HARD,44,14,0.1794871794871795,0.11689533799533883,76.37830862470864
6,Monaco,78,LAW,1,MEDIUM,42,2,0.02564102564102564,0.026173954236347642,77.0716993906075
6,Monaco,78,LAW,2,SOFT,12,46,0.5897435897435898,-0.02668881118881502,77.24154778554784
6,Monaco,78,LEC,1,MEDIUM,33,2,0.02564102564102564,0.024290569724392946,75.39710837446866
6,Monaco,78,LEC,2,HARD,23,37,0.47435897435897434,-0.009951961082397287,75.8196290665856
6,Monaco,78,LIN,1,MEDIUM,56,2,0.02564102564102564,0.05361626531363339,77.23880671959614
6,Monaco,78,NOR,1,MEDIUM,42,2,0.02564102564102564,0.032862715276782736,76.6041698819237
6,Monaco,78,OCO,2,HARD,47,11,0.14102564102564102,0.12628967124457507,75.96302163239162
6,Monaco,78,PER,3,MEDIUM,46,11,0.14102564102564102,0.07324654759363479,77.03323884816996
6,Monaco,78,PIA,1,MEDIUM,46,2,0.02564102564102564,0.040873374605658624,76.24266986408595
6,Monaco,78,PIA,2,HARD,9,50,0.6410256410256411,-0.10470769230769432,76.49509230769232
6,Monaco,78,RUS,1,MEDIUM,29,2,0.02564102564102564,0.07948836680560907,75.8023255778704
6,Monaco,78,RUS,2,HARD,26,33,0.4230769230769231,-0.0314451282051274,76.8907671794872
6,Monaco,78,SAI,1,MEDIUM,50,2,0.02564102564102564,0.043687409733123884,77.318326844584
6,Monaco,78,STR,2,SOFT,51,6,0.07692307692307693,0.04548271493212686,77.42441043740571
7,Barcelona,66,ALB,1,MEDIUM,11,2,0.030303030303030304,0.18894545454545644,83.6984727272727
7,Barcelona,66,ALB,2,HARD,14,15,0.22727272727272727,0.2253558441558425,83.5816051948052
7,Barcelona,66,ALB,4,SOFT,14,36,0.5454545454545454,0.1456349650349617,82.62868671328671
7,Barcelona,66,ALO,1,HARD,19,2,0.030303030303030304,0.13944306220095531,84.50944688995214
7,Barcelona,66,ALO,2,HARD,15,23,0.3484848484848485,0.08697370129870723,84.42892337662335
7,Barcelona,66,ANT,1,MEDIUM,12,2,0.030303030303030304,0.19590559440559166,80.65177389277389
7,Barcelona,66,ANT,2,HARD,21,16,0.24242424242424243,0.09764285714285732,80.50631385281383
7,Barcelona,66,ANT,3,HARD,20,39,0.5909090909090909,0.11172391908960219,79.94592681105762
7,Barcelona,66,BEA,1,MEDIUM,16,2,0.030303030303030304,0.13101991978609884,83.54600695187162
7,Barcelona,66,BEA,2,HARD,9,20,0.30303030303030304,0.17741060606060333,83.32915505050505
7,Barcelona,66,BEA,3,SOFT,29,29,0.4393939393939394,0.026133160908444444,83.38065064401984
7,Barcelona,66,BOR,1,MEDIUM,13,2,0.030303030303030304,0.19565034965034994,83.53163636363637
7,Barcelona,66,BOR,2,HARD,16,17,0.25757575757575757,0.2545493315508063,82.2897836898395
7,Barcelona,66,BOR,3,HARD,16,35,0.5303030303030303,0.07720048701299016,82.6585470779221
7,Barcelona,66,BOT,1,MEDIUM,12,2,0.030303030303030304,0.32117832167831967,84.50542540792542
7,Barcelona,66,COL,1,SOFT,10,2,0.030303030303030304,0.26076363636363975,82.94858181818184
7,Barcelona,66,COL,2,HARD,20,14,0.21212121212121213,0.07686336295283612,82.64562904989748
7,Barcelona,66,COL,3,HARD,24,36,0.5454545454545454,0.05462921087160178,82.6217707566386
7,Barcelona,66,GAS,1,MEDIUM,12,2,0.030303030303030304,0.19559090909090474,82.99039393939393
7,Barcelona,66,GAS,2,HARD,23,16,0.24242424242424243,0.1344683794466394,82.18749802371539
7,Barcelona,66,GAS,3,HARD,21,42,0.6363636363636364,0.09300845330486718,81.97015486185241
7,Barcelona,66,HAD,1,MEDIUM,13,2,0.030303030303030304,0.10945254745255083,82.57407592407594
7,Barcelona,66,HAD,2,HARD,15,17,0.25757575757575757,0.1651415584415639,81.17055497835493
7,Barcelona,66,HAD,3,HARD,21,34,0.5151515151515151,0.11564314140032302,80.86449983418316
7,Barcelona,66,HAM,1,SOFT,9,2,0.030303030303030304,0.2630439393939419,80.01134292929287
7,Barcelona,66,HAM,2,HARD,14,13,0.19696969696969696,0.16082397602397552,80.40444075924076
7,Barcelona,66,HAM,3,MEDIUM,11,29,0.4393939393939394,0.11918181818181821,79.78072727272726
7,Barcelona,66,HAM,4,HARD,21,43,0.6515151515151515,0.11025129317020324,79.6885686851479
7,Barcelona,66,HUL,1,SOFT,11,2,0.030303030303030304,0.2442454545454551,82.39805454545454
7,Barcelona,66,HUL,2,HARD,14,15,0.22727272727272727,0.07246573426573397,82.81107772227772
7,Barcelona,66,LAW,1,MEDIUM,9,2,0.030303030303030304,0.2600939393939352,82.39138080808081
7,Barcelona,66,LAW,2,HARD,22,13,0.19696969696969696,0.06887464709203887,82.82794014680974
7,Barcelona,66,LAW,3,HARD,23,37,0.5606060606060606,0.039946503496502604,82.82089676193372
7,Barcelona,66,LEC,1,MEDIUM,14,2,0.030303030303030304,0.13783716283716188,81.1523946053946
7,Barcelona,66,LEC,2,HARD,21,18,0.2727272727272727,0.11239870129870087,80.6823346320346
7,Barcelona,66,LEC,3,HARD,20,42,0.6363636363636364,0.1623543403964456,79.99289699248118
7,Barcelona,66,LIN,1,MEDIUM,20,2,0.030303030303030304,0.12848215994531953,83.01282959671903
7,Barcelona,66,LIN,2,HARD,13,24,0.36363636363636365,0.08139210789210975,83.30802647352644
7,Barcelona,66,LIN,3,HARD,22,41,0.6212121212121212,0.053347307423236845,82.23580420638037
7,Barcelona,66,NOR,1,MEDIUM,11,2,0.030303030303030304,0.15075454545454864,80.90821818181819
7,Barcelona,66,NOR,2,HARD,20,15,0.22727272727272727,0.1033174982911845,80.54620444292549
7,Barcelona,66,NOR,3,HARD,23,37,0.5606060606060606,0.11565188790948346,79.81377331930014
7,Barcelona,66,OCO,1,SOFT,11,2,0.030303030303030304,0.2703181818181861,83.26818181818182
7,Barcelona,66,OCO,2,HARD,19,15,0.22727272727272727,0.2029500797448149,83.01796459330143
7,Barcelona,66,OCO,3,MEDIUM,19,36,0.5454545454545454,0.20541229643845696,82.08730948308231
7,Barcelona,66,PER,1,SOFT,10,2,0.030303030303030304,0.21842424242424477,83.8854909090909
7,Barcelona,66,PER,2,HARD,17,14,0.21212121212121213,0.2045189393939397,83.79669942067736
7,Barcelona,66,PER,4,MEDIUM,19,41,0.6212121212121212,0.1001227556681662,84.06307015857763
7,Barcelona,66,PIA,1,MEDIUM,12,2,0.030303030303030304,0.18644405594405386,81.40642773892773
7,Barcelona,66,PIA,2,HARD,20,16,0.24242424242424243,0.09704005468216022,81.0054850991114
7,Barcelona,66,PIA,3,HARD,24,38,0.5757575757575758,0.10847646675712293,80.3992642116689
7,Barcelona,66,RUS,1,MEDIUM,10,2,0.030303030303030304,0.28952121212121634,80.24694545454543
7,Barcelona,66,RUS,2,HARD,22,14,0.21212121212121213,0.09825409373235496,80.65100338791648
7,Barcelona,66,RUS,3,HARD,22,38,0.5757575757575758,0.12353652291947857,79.84716735027202
7,Barcelona,66,SAI,1,SOFT,12,2,0.030303030303030304,0.19252097902097462,83.24556876456876
7,Barcelona,66,SAI,2,HARD,14,16,0.24242424242424243,0.14573826173825954,82.87327972027971
7,Barcelona,66,SAI,3,HARD,21,32,0.48484848484848486,0.030131470425309823,83.3258005170185
7,Barcelona,66,VER,1,SOFT,10,2,0.030303030303030304,0.22473333333333192,80.46812727272723
7,Barcelona,66,VER,2,MEDIUM,15,14,0.21212121212121213,0.13532727272727518,80.6921636363636
7,Barcelona,66,VER,3,HARD,9,31,0.4696969696969697,0.11729393939393865,80.65849393939392
7,Barcelona,66,VER,4,MEDIUM,22,42,0.6363636363636364,0.15289634883598568,79.90636763570045
8,Austrian,71,ALB,1,MEDIUM,16,2,0.028169014084507043,0.07928282932891685,72.6684288525269
8,Austrian,71,ALB,2,MEDIUM,14,20,0.28169014084507044,0.08061660219691569,72.32290893186867
8,Austrian,71,ALB,3,HARD,30,39,0.5492957746478874,0.11470646284311307,72.1444776211946
8,Austrian,71,ALO,1,MEDIUM,21,2,0.028169014084507043,0.08424591183464461,73.31658713493077
8,Austrian,71,ALO,2,SOFT,23,26,0.36619718309859156,0.044085578689526075,73.88255786895287
8,Austrian,71,ALO,3,SOFT,18,51,0.7183098591549296,0.12553295832788358,72.86759846315596
8,Austrian,71,ANT,1,MEDIUM,22,2,0.028169014084507043,0.05653207784254894,70.60420019723085
8,Austrian,71,ANT,2,HARD,24,27,0.38028169014084506,0.058896883037355734,70.10962221677893
8,Austrian,71,ANT,3,HARD,18,54,0.7605633802816901,0.052659893312406225,70.03311914417358
8,Austrian,71,BEA,1,MEDIUM,22,2,0.028169014084507043,0.07734009591143674,72.53482187989601
8,Austrian,71,BEA,2,HARD,18,27,0.38028169014084506,0.12854534222881478,71.82306638662384
8,Austrian,71,BEA,3,MEDIUM,23,47,0.6619718309859155,0.06108795353796088,72.06729719881038
8,Austrian,71,BOR,1,SOFT,15,2,0.028169014084507043,0.042997535211269776,71.95381267605633
8,Austrian,71,BOR,2,MEDIUM,22,19,0.2676056338028169,0.08861661008750356,71.09766303949934
8,Austrian,71,BOR,3,HARD,23,46,0.647887323943662,0.08397704269974635,71.56496545807101
8,Austrian,71,COL,1,MEDIUM,18,2,0.028169014084507043,0.06434513583046092,72.7000383726508
8,Austrian,71,COL,2,HARD,20,22,0.30985915492957744,0.10734385232314339,71.60262381402934
8,Austrian,71,COL,3,MEDIUM,22,48,0.676056338028169,0.06024073451869587,71.72979708338528
8,Austrian,71,GAS,1,MEDIUM,11,2,0.028169014084507043,0.1712134443021778,72.25943994878361
8,Austrian,71,GAS,2,HARD,20,15,0.2112676056338028,0.06017669546162711,71.41275922776232
8,Austrian,71,GAS,3,MEDIUM,11,40,0.5633802816901409,0.08696798975672322,71.62871446862992
8,Austrian,71,GAS,4,SOFT,18,53,0.7464788732394366,0.0173554557479015,71.99875313110174
8,Austrian,71,HAD,1,MEDIUM,16,2,0.028169014084507043,0.08245047638774174,70.99117444076218
8,Austrian,71,HAD,2,MEDIUM,17,20,0.28169014084507044,0.08562221699328783,70.22743827803735
8,Austrian,71,HAD,3,HARD,28,42,0.5915492957746479,0.056391384071751274,70.54155979436561
8,Austrian,71,HAM,1,MEDIUM,10,2,0.028169014084507043,0.236277080665814,70.20713085787452
8,Austrian,71,HAM,2,HARD,10,14,0.19718309859154928,0.059877080665815645,70.77480128040972
8,Austrian,71,HAM,3,SOFT,15,27,0.38028169014084506,0.11437967806840851,70.03162146210602
8,Austrian,71,HAM,4,HARD,26,44,0.6197183098591549,0.07789525104367999,70.35536767106137
8,Austrian,71,HUL,1,MEDIUM,19,2,0.028169014084507043,0.06877165801828541,72.41764951816158
8,Austrian,71,HUL,2,MEDIUM,19,23,0.323943661971831,0.04009910369188042,71.38231941524337
8,Austrian,71,HUL,3,HARD,22,47,0.6619718309859155,0.03252856477049533,72.04297621777228
8,Austrian,71,LAW,1,MEDIUM,17,2,0.028169014084507043,0.08465782932891418,71.44970091135046
8,Austrian,71,LAW,2,HARD,21,21,0.29577464788732394,0.07242059084991329,71.24839755062435
8,Austrian,71,LAW,3,MEDIUM,22,47,0.6619718309859155,0.06161205432885136,71.41253160862546
8,Austrian,71,LEC,1,MEDIUM,11,2,0.028169014084507043,0.0822407170294491,70.85002176696543
8,Austrian,71,LEC,2,HARD,19,15,0.2112676056338028,0.01742307188389872,70.71328577691554
8,Austrian,71,LEC,3,HARD,18,39,0.5492957746478874,0.11164424707417818,70.42695944592566
8,Austrian,71,LEC,4,SOFT,11,61,0.8591549295774648,0.01302253521126742,70.63759282970547
8,Austrian,71,LIN,1,MEDIUM,16,2,0.028169014084507043,0.08611665285832794,71.58811414664454
8,Austrian,71,LIN,2,HARD,23,20,0.28169014084507044,0.08322184352519651,71.07116903578712
8,Austrian,71,LIN,3,MEDIUM,21,48,0.676056338028169,0.07389712511155729,71.452842155215
8,Austrian,71,NOR,1,MEDIUM,19,2,0.028169014084507043,0.08080674573758241,70.92880741289844
8,Austrian,71,NOR,2,HARD,21,23,0.323943661971831,0.057111802672937285,70.31185837432312
8,Austrian,71,NOR,3,HARD,22,49,0.6901408450704225,0.10406518623089217,70.23955147700364
8,Austrian,71,OCO,1,MEDIUM,16,2,0.028169014084507043,0.15914312344656492,72.20149502899748
8,Austrian,71,OCO,2,MEDIUM,10,20,0.28169014084507044,-0.05809762378930155,72.41663483456102
8,Austrian,71,OCO,3,HARD,34,35,0.49295774647887325,0.10014938839846231,72.13774136831373
8,Austrian,71,PIA,1,MEDIUM,17,2,0.028169014084507043,0.07900341756421016,70.83073767605633
8,Austrian,71,PIA,2,HARD,18,21,0.29577464788732394,0.07653468474397822,70.04657698214206
8,Austrian,71,PIA,3,HARD,26,44,0.6197183098591549,0.0872780321845153,70.11004739941305
8,Austrian,71,RUS,1,MEDIUM,17,2,0.028169014084507043,0.11784165285832454,69.98466414664459
8,Austrian,71,RUS,2,HARD,19,21,0.29577464788732394,0.07852390683578693,70.0289080975351
8,Austrian,71,RUS,3,HARD,25,45,0.6338028169014085,0.05993629971360731,70.20139798873642
8,Austrian,71,SAI,1,SOFT,12,2,0.028169014084507043,0.14387008765881865,72.4688271282708
8,Austrian,71,SAI,2,MEDIUM,8,16,0.22535211267605634,0.17800586854460393,72.57936150234745
8,Austrian,71,STR,1,MEDIUM,21,2,0.028169014084507043,0.10017188586061825,73.32648626912989
8,Austrian,71,STR,2,SOFT,19,26,0.36619718309859156,0.05144709661477594,73.3895272053373
8,Austrian,71,VER,1,MEDIUM,16,2,0.028169014084507043,0.10987547638773941,70.1835744407622
8,Austrian,71,VER,2,HARD,26,20,0.28169014084507044,0.07057879273627628,69.91429874811578
8,Austrian,71,VER,3,HARD,19,51,0.7183098591549296,0.06566809019141703,70.09924673051249
9,British,52,ALB,2,HARD,11,3,0.057692307692307696,0.28324755244755534,95.87663076923074
9,British,52,ALB,4,SOFT,10,25,0.4807692307692308,0.1673020979021023,94.34312727272726
9,British,52,ALO,1,MEDIUM,17,3,0.057692307692307696,0.08704336349924666,96.81589819004525
9,British,52,ALO,2,HARD,21,22,0.4230769230769231,0.024041846778811403,97.0054117754284
9,British,52,ANT,1,MEDIUM,31,3,0.057692307692307696,0.004716279443804288,92.68540861637888
9,British,52,BEA,1,MEDIUM,25,3,0.057692307692307696,0.025215283989268155,95.27165457289803
9,British,52,BEA,2,HARD,13,31,0.5961538461538461,0.1048567185710052,94.23024095209803
9,British,52,BOR,1,MEDIUM,21,3,0.057692307692307696,0.01766953262241145,94.25036819490148
9,British,52,BOR,2,HARD,17,28,0.5384615384615384,0.06911182544009022,93.33023565908864
9,British,52,BOT,1,MEDIUM,25,3,0.057692307692307696,0.08681272361359801,95.65923289355993
9,British,52,BOT,2,HARD,13,31,0.5961538461538461,0.09179770036912802,95.61694310322876
9,British,52,COL,1,MEDIUM,18,3,0.057692307692307696,-0.009713344447085664,94.85688460215393
9,British,52,COL,2,HARD,21,24,0.46153846153846156,0.036842747116392086,93.89570043538592
9,British,52,GAS,1,MEDIUM,18,3,0.057692307692307696,-0.0022107644677273105,94.69756227673254
9,British,52,GAS,2,HARD,20,25,0.4807692307692308,0.03131511070531638,93.85165738415887
9,British,52,HAD,1,MEDIUM,16,3,0.057692307692307696,0.039135520361997,93.32078348416283
9,British,52,HAD,2,HARD,15,23,0.4423076923076923,0.04295989010988963,93.37239450549455
9,British,52,HAM,1,MEDIUM,19,3,0.057692307692307696,0.063554251012144,92.64731862348178
9,British,52,HAM,2,HARD,20,25,0.4807692307692308,0.03592195668408958,92.49961575802843
9,British,52,HUL,1,MEDIUM,14,3,0.057692307692307696,-0.01962637362637516,94.85136263736263
9,British,52,HUL,2,HARD,14,19,0.36538461538461536,-0.023783118151242243,94.13953303677984
9,British,52,LAW,1,MEDIUM,24,3,0.057692307692307696,0.025488319753639816,94.0748041008533
9,British,52,LAW,2,HARD,15,30,0.5769230769230769,0.020452124710150028,93.30306182578889
9,British,52,LEC,1,MEDIUM,21,3,0.057692307692307696,0.05450147459267899,92.26046791630104
9,British,52,LEC,2,HARD,19,27,0.5192307692307693,0.03720609199419542,92.31905953250934
9,British,52,LIN,1,MEDIUM,22,3,0.057692307692307696,0.03526218303647615,94.0164593216872
9,British,52,LIN,2,HARD,16,29,0.5576923076923077,0.07305195401381033,93.10940824717578
9,British,52,NOR,1,MEDIUM,24,3,0.057692307692307696,0.012266534932958309,93.36495726182078
9,British,52,NOR,2,HARD,8,30,0.5769230769230769,0.1430860805860792,92.57349542124547
9,British,52,OCO,1,MEDIUM,18,3,0.057692307692307696,0.01562721282845634,95.24678209097402
9,British,52,OCO,2,HARD,21,23,0.4423076923076923,0.003829592208735871,94.88029180771835
9,British,52,PER,1,MEDIUM,18,3,0.057692307692307696,0.0320998650472394,95.38793207377415
9,British,52,PER,2,HARD,21,23,0.4423076923076923,0.0336887662100883,95.63956194989846
9,British,52,PIA,2,HARD,31,4,0.07692307692307693,0.07175535937977835,93.02219753506765
9,British,52,RUS,1,MEDIUM,19,3,0.057692307692307696,0.04521039136302229,92.87051511470983
9,British,52,RUS,2,HARD,9,25,0.4807692307692308,0.23857179487179195,92.35571025641026
9,British,52,RUS,3,MEDIUM,9,36,0.6923076923076923,0.09049247097242392,91.49882937227868
9,British,52,SAI,1,MEDIUM,17,3,0.057692307692307696,-0.01185369532428302,95.26845701357466
9,British,52,SAI,2,HARD,22,22,0.4230769230769231,0.04315197648483101,94.79919703048877
9,British,52,STR,1,MEDIUM,15,3,0.057692307692307696,0.057849175824170866,97.13307206959712
9,British,52,STR,2,HARD,22,20,0.38461538461538464,-0.007786003146740468,97.59142520343195
9,British,52,VER,1,MEDIUM,14,3,0.057692307692307696,0.03401098901098726,92.87320879120875
9,British,52,VER,2,HARD,18,19,0.36538461538461536,0.05863620589936385,92.67756043956044
10,Belgian,44,ALB,1,MEDIUM,12,5,0.11363636363636363,0.10127378282095241,111.09881158464175
10,Belgian,44,ALB,2,HARD,24,21,0.4772727272727273,0.03079264822134574,111.67200772068512
10,Belgian,44,ALO,1,HARD,11,5,0.11363636363636363,-0.0803603592669025,114.89822090059474
10,Belgian,44,ALO,2,SOFT,10,21,0.4772727272727273,0.7130363636363645,113.98596363636362
10,Belgian,44,ALO,3,HARD,10,33,0.75,0.3660181818181828,115.1689818181818
10,Belgian,44,ANT,1,MEDIUM,12,5,0.11363636363636363,0.027758543343447583,109.28294849804281
10,Belgian,44,ANT,2,HARD,23,22,0.5,0.04119664031620719,108.77803359683793
10,Belgian,44,BEA,2,HARD,13,5,0.11363636363636363,0.0828882063882039,111.05165356265357
10,Belgian,44,BEA,3,HARD,23,22,0.5,0.055804347826083275,110.91000000000003
10,Belgian,44,BOR,1,MEDIUM,13,5,0.11363636363636363,0.0006236793611770828,111.06496096437353
10,Belgian,44,BOR,2,HARD,23,22,0.5,0.06702865612647968,109.91629249011861
10,Belgian,44,BOT,2,HARD,24,5,0.11363636363636363,0.045582202081768095,112.9430695076582
10,Belgian,44,BOT,3,SOFT,10,34,0.7727272727272727,0.0010787878787939173,112.79238181818182
10,Belgian,44,COL,1,MEDIUM,9,5,0.11363636363636363,0.08191174242424372,110.55684621212119
10,Belgian,44,COL,2,HARD,26,17,0.38636363636363635,0.016713324434031226,110.98327068406569
10,Belgian,44,GAS,1,MEDIUM,8,5,0.11363636363636363,-0.04763945184327059,110.85246728430805
10,Belgian,44,GAS,2,HARD,26,16,0.36363636363636365,0.007061417979748925,111.17012529896718
10,Belgian,44,HAD,3,HARD,13,5,0.11363636363636363,-0.06657226658475875,110.63885021498768
10,Belgian,44,HAD,4,HARD,23,22,0.5,0.03775889328063013,109.09434387351779
10,Belgian,44,HAM,1,MEDIUM,12,5,0.11363636363636363,0.12325002511300491,108.93671384563876
10,Belgian,44,HAM,2,HARD,23,22,0.5,0.05961462450592504,109.03069169960473
10,Belgian,44,HUL,1,MEDIUM,13,5,0.11363636363636363,-0.041372266584771694,111.32039474815733
10,Belgian,44,HUL,2,HARD,23,22,0.5,-0.01653754940711731,111.51190909090909
10,Belgian,44,LAW,1,MEDIUM,9,5,0.11363636363636363,0.08590340909090687,110.3129962121212
10,Belgian,44,LAW,2,HARD,25,17,0.38636363636363635,-0.005737942449710094,111.43187862999746
10,Belgian,44,LEC,1,MEDIUM,13,5,0.11363636363636363,0.01792469287468791,109.49866941031948
10,Belgian,44,LEC,2,HARD,23,22,0.5,0.046309288537546414,109.015395256917
10,Belgian,44,LIN,1,MEDIUM,10,5,0.11363636363636363,0.06364015151515755,110.35659848484843
10,Belgian,44,LIN,2,HARD,24,19,0.4318181818181818,0.0473250388311522,109.8029444430413
10,Belgian,44,NOR,1,HARD,21,5,0.11363636363636363,-0.0011781712220396614,110.0226963225582
10,Belgian,44,NOR,2,MEDIUM,13,32,0.7272727272727273,0.008673326673327672,108.8331268731269
10,Belgian,44,OCO,2,HARD,10,5,0.11363636363636363,-0.11531060606061032,112.57843181818178
10,Belgian,44,OCO,3,HARD,25,19,0.4318181818181818,0.05401338222217567,111.12903878539036
10,Belgian,44,PIA,1,MEDIUM,13,5,0.11363636363636363,0.15827874692874266,109.06655319410322
10,Belgian,44,PIA,2,HARD,23,22,0.5,0.0867885375494037,109.11830039525691
10,Belgian,44,SAI,2,HARD,26,16,0.36363636363636365,0.045022726715916575,110.88168444743386
10,Belgian,44,STR,1,HARD,11,5,0.11363636363636363,0.03787595581988269,114.34659473237042
10,Belgian,44,VER,1,MEDIUM,11,5,0.11363636363636363,0.07325446049277984,109.058608751062
10,Belgian,44,VER,2,HARD,24,19,0.4318181818181818,0.05442859488060224,108.94756577302398
11,Hungarian,70,ALB,1,MEDIUM,24,2,0.02857142857142857,0.01799844720496754,86.81429296066254
11,Hungarian,70,ALB,2,HARD,24,28,0.4,0.04331193490054192,86.16807293550328
11,Hungarian,70,ALB,3,SOFT,13,56,0.8,0.2196593406593406,86.31162637362637
11,Hungarian,70,ALO,1,SOFT,32,2,0.02857142857142857,0.04081242144951776,86.00721973188105
11,Hungarian,70,ALO,2,MEDIUM,17,36,0.5142857142857142,0.002408332222816457,85.37867122534645
11,Hungarian,70,ALO,3,SOFT,13,57,0.8142857142857143,0.08968131868131644,83.78206593406594
11,Hungarian,70,ANT,1,MEDIUM,20,2,0.02857142857142857,0.027800000000001386,83.80885714285712
11,Hungarian,70,ANT,2,HARD,27,24,0.34285714285714286,0.029229515999120527,83.73004085816797
11,Hungarian,70,ANT,3,HARD,14,55,0.7857142857142857,0.08265136668385666,82.58260237235687
11,Hungarian,70,BEA,1,MEDIUM,20,2,0.02857142857142857,0.034988721804512256,86.32418045112779
11,Hungarian,70,BEA,2,HARD,17,24,0.34285714285714286,0.19595802689250164,85.89673828095982
11,Hungarian,70,BEA,3,HARD,22,44,0.6285714285714286,0.09854869732470574,85.72703412866205
11,Hungarian,70,BOR,1,SOFT,27,2,0.02857142857142857,-0.01464652014651979,86.03217419617418
11,Hungarian,70,BOR,2,HARD,35,31,0.44285714285714284,0.10800896618560721,84.0728478654115
11,Hungarian,70,BOT,1,MEDIUM,12,2,0.02857142857142857,0.041969030969031415,87.0038393273393
11,Hungarian,70,COL,1,MEDIUM,13,2,0.02857142857142857,0.05906043956043984,86.0912912087912
11,Hungarian,70,COL,2,HARD,20,17,0.24285714285714285,0.0749511278195492,85.65948195488721
11,Hungarian,70,COL,3,HARD,27,39,0.5571428571428572,0.1076484751471087,84.64749307382371
11,Hungarian,70,GAS,1,MEDIUM,14,2,0.02857142857142857,0.08637142857142656,85.58019999999996
11,Hungarian,70,GAS,2,HARD,20,18,0.2571428571428571,0.09645864661654256,84.8856902255639
11,Hungarian,70,GAS,3,HARD,13,41,0.5857142857142857,0.08254101161995964,84.78901503759401
11,Hungarian,70,GAS,4,SOFT,13,57,0.8142857142857143,0.19794505494505713,83.59185714285715
11,Hungarian,70,HAD,1,MEDIUM,17,2,0.02857142857142857,0.10097969187674802,84.21832002801118
11,Hungarian,70,HAD,2,HARD,20,21,0.3,0.13950426863972562,83.61440039840637
11,Hungarian,70,HAD,3,HARD,24,44,0.6285714285714286,0.052251330007684324,83.2528045981342
11,Hungarian,70,HAM,1,SOFT,11,2,0.02857142857142857,0.028129870129871094,83.6222857142857
11,Hungarian,70,HAM,2,HARD,15,15,0.21428571428571427,0.03731071428571811,83.86281428571425
11,Hungarian,70,HAM,3,HARD,22,32,0.45714285714285713,0.03479865868005794,83.3714463442164
11,Hungarian,70,HAM,4,SOFT,13,58,0.8285714285714286,-0.01492307692307737,83.35954945054944
11,Hungarian,70,HUL,1,MEDIUM,17,2,0.02857142857142857,0.06603851540615954,85.21226120448179
11,Hungarian,70,HUL,2,HARD,17,21,0.3,-0.017000700280114425,85.31739005602239
11,Hungarian,70,HUL,3,SOFT,26,41,0.5857142857142857,0.048683818276601384,84.27725657907439
11,Hungarian,70,LAW,1,MEDIUM,19,2,0.02857142857142857,0.10802205513784371,84.6852962406015
11,Hungarian,70,LAW,2,HARD,18,23,0.32857142857142857,0.042499999999999385,84.88280952380953
11,Hungarian,70,LAW,3,SOFT,23,44,0.6285714285714286,0.03268942015867351,84.7945570523401
11,Hungarian,70,LEC,1,SOFT,14,2,0.02857142857142857,0.06178901098901304,83.47465714285715
11,Hungarian,70,LEC,2,HARD,18,18,0.2571428571428571,0.1169469261388757,83.39345063639492
11,Hungarian,70,LEC,3,HARD,16,38,0.5428571428571428,0.050892685025816765,83.55037598967293
11,Hungarian,70,LEC,4,SOFT,13,58,0.8285714285714286,0.11193406593406822,82.14256043956043
11,Hungarian,70,LIN,1,MEDIUM,18,2,0.02857142857142857,0.0748065752616805,85.09973050272745
11,Hungarian,70,LIN,2,HARD,43,22,0.3142857142857143,0.06359057307908314,84.73969639884507
11,Hungarian,70,NOR,1,MEDIUM,15,2,0.02857142857142857,0.053346428571431424,83.38632857142854
11,Hungarian,70,NOR,2,HARD,20,19,0.2714285714285714,0.037756390977444786,83.49201203007517
11,Hungarian,70,NOR,3,HARD,14,41,0.5857142857142857,0.1182592153960014,82.60959200592153
11,Hungarian,70,NOR,4,SOFT,13,58,0.8285714285714286,0.03962087912087804,82.61213186813185
11,Hungarian,70,OCO,1,MEDIUM,15,2,0.02857142857142857,0.09927500000000365,85.89248095238094
11,Hungarian,70,OCO,2,HARD,16,19,0.2714285714285714,0.09026008403361749,85.90804390756298
11,Hungarian,70,OCO,3,HARD,28,37,0.5285714285714286,0.015983648881240136,85.76489113597243
11,Hungarian,70,PER,2,MEDIUM,40,2,0.02857142857142857,0.013831018538321731,87.2358783395926
11,Hungarian,70,PIA,1,MEDIUM,14,2,0.02857142857142857,0.06471648351648612,83.32649230769232
11,Hungarian,70,PIA,2,HARD,15,18,0.2571428571428571,0.09612857142857437,83.4278476190476
11,Hungarian,70,PIA,3,HARD,19,35,0.5,0.021221062678972186,83.67900483614379
11,Hungarian,70,RUS,1,MEDIUM,25,2,0.02857142857142857,-0.028291318681318428,85.23786186813189
11,Hungarian,70,RUS,2,HARD,23,29,0.4142857142857143,0.0708614087017067,83.47713060756284
11,Hungarian,70,RUS,3,HARD,14,57,0.8142857142857143,0.09522417582417349,82.71041978021977
11,Hungarian,70,SAI,1,SOFT,16,2,0.02857142857142857,-0.007088445378146141,86.56122836134449
11,Hungarian,70,SAI,2,MEDIUM,22,20,0.2857142857142857,0.11572055772207296,86.00744532607006
11,Hungarian,70,SAI,4,SOFT,13,56,0.8,0.2785384615384596,84.92760439560442
11,Hungarian,70,STR,2,MEDIUM,27,10,0.14285714285714285,0.024868742368743244,85.68661945461943
11,Hungarian,70,STR,3,SOFT,28,39,0.5571428571428572,0.033558291612172886,84.7856789900286
11,Hungarian,70,VER,1,MEDIUM,12,2,0.02857142857142857,0.04235014985014527,83.58963653013653
11,Hungarian,70,VER,2,HARD,24,16,0.22857142857142856,0.05365011535048838,83.63059574090501
11,Hungarian,70,VER,3,SOFT,25,43,0.6142857142857143,0.014032037390844647,83.28841059407338
12,Dutch,72,ALB,2,HARD,20,6,0.08333333333333333,0.03847218045112607,77.19338646616542
12,Dutch,72,ALB,3,HARD,21,28,0.3888888888888889,0.03653896103896071,78.05113203463199
12,Dutch,72,ALB,4,MEDIUM,11,51,0.7083333333333334,0.5665563318777237,76.01579388646292
12,Dutch,72,ALO,2,SOFT,28,6,0.08333333333333333,0.013389162561577808,77.42863546798027
12,Dutch,72,ALO,3,HARD,30,36,0.5,0.003064344693876427,77.09287325925852
12,Dutch,72,ANT,2,MEDIUM,15,6,0.08333333333333333,0.09332499999999902,74.52619999999999
12,Dutch,72,ANT,3,HARD,17,23,0.3194444444444444,0.09134068627450773,74.75423774509807
12,Dutch,72,ANT,4,HARD,12,42,0.5833333333333334,0.03206293706293517,75.10800932400932
12,Dutch,72,ANT,5,SOFT,14,58,0.8055555555555556,0.1013136812411851,74.1672019746121
12,Dutch,72,BOR,3,MEDIUM,21,13,0.18055555555555555,0.08449090909090862,77.00765887445884
12,Dutch,72,BOR,4,HARD,17,36,0.5,0.03478186274509769,76.98591421568628
12,Dutch,72,BOR,5,SOFT,14,57,0.7916666666666666,0.1616788043478275,75.23144184782603
12,Dutch,72,BOT,2,HARD,22,6,0.08333333333333333,0.06311744776962182,78.08442970073406
12,Dutch,72,BOT,3,HARD,21,30,0.4166666666666667,0.09765714285714101,77.82894285714288
12,Dutch,72,COL,3,MEDIUM,11,10,0.1388888888888889,0.1973727272727264,76.68892727272728
12,Dutch,72,COL,4,HARD,22,23,0.3194444444444444,0.08749745906267567,76.96776905702997
12,Dutch,72,COL,5,SOFT,19,47,0.6527777777777778,0.04129491002023304,76.60623447982108
12,Dutch,72,GAS,2,MEDIUM,12,6,0.08333333333333333,0.0623531468531479,76.39726806526805
12,Dutch,72,GAS,3,HARD,26,20,0.2777777777777778,-0.04029196581196585,78.01992752136752
12,Dutch,72,GAS,4,MEDIUM,18,48,0.6666666666666666,0.0743845475725719,75.79953063409101
12,Dutch,72,HAM,2,SOFT,19,6,0.08333333333333333,0.03737894736842239,75.47651578947365
12,Dutch,72,HAM,3,HARD,27,27,0.375,0.04986813186813083,74.85794831094832
12,Dutch,72,HAM,4,SOFT,13,58,0.8055555555555556,0.11160475875743504,73.76546926635822
12,Dutch,72,HUL,2,SOFT,13,6,0.08333333333333333,0.0473461538461558,76.59400000000001
12,Dutch,72,HUL,3,SOFT,27,21,0.2916666666666667,-0.030992063492063744,77.32766137566136
12,Dutch,72,HUL,4,HARD,16,50,0.6944444444444444,-0.03246688741722071,76.92742259933775
12,Dutch,72,LAW,2,SOFT,15,6,0.08333333333333333,0.08613928571428282,75.91983095238099
12,Dutch,72,LAW,3,MEDIUM,24,23,0.3194444444444444,0.06721608695652148,75.67628826086957
12,Dutch,72,LAW,4,MEDIUM,19,49,0.6805555555555556,0.039371825613079864,75.50356179836513
12,Dutch,72,LEC,2,SOFT,15,6,0.08333333333333333,0.02909285714285524,75.55750952380956
12,Dutch,72,LEC,3,MEDIUM,20,23,0.3194444444444444,0.08526466165413586,74.7507796992481
12,Dutch,72,LEC,4,HARD,9,45,0.625,-0.003950000000002833,74.49928333333331
12,Dutch,72,LEC,5,SOFT,13,58,0.8055555555555556,0.117043952412425,74.10050297422337
12,Dutch,72,LIN,3,MEDIUM,29,7,0.09722222222222222,0.057854679802956104,77.15142610837441
12,Dutch,72,LIN,4,HARD,29,38,0.5277777777777778,-0.006381453690223143,77.15745481016914
12,Dutch,72,NOR,2,SOFT,15,6,0.08333333333333333,0.0949678571428566,74.5124892857143
12,Dutch,72,NOR,3,HARD,24,23,0.3194444444444444,0.06390043478260773,74.80997130434783
12,Dutch,72,NOR,4,HARD,19,49,0.6805555555555556,0.05792529118136398,74.21957104825289
12,Dutch,72,OCO,2,SOFT,10,6,0.08333333333333333,0.03147272727273276,77.15732727272722
12,Dutch,72,OCO,3,HARD,18,18,0.25,-0.004783281733747168,77.87447471620229
12,Dutch,72,OCO,4,HARD,15,38,0.5277777777777778,0.0055107142857172475,77.36642380952378
12,Dutch,72,PER,2,HARD,24,4,0.05555555555555555,-0.6460659449866886,87.5462070629991
12,Dutch,72,PER,3,HARD,21,31,0.4305555555555556,0.09619220779220773,77.27932121212118
12,Dutch,72,PER,4,SOFT,13,56,0.7777777777777778,-0.06568407138136255,78.94393853271646
12,Dutch,72,PIA,2,HARD,12,6,0.08333333333333333,0.038905594405595455,75.32817482517478
12,Dutch,72,PIA,3,HARD,24,20,0.2777777777777778,0.09733434782608628,75.14761637681158
12,Dutch,72,PIA,4,SOFT,8,46,0.6388888888888888,0.01679761904762239,74.9895833333333
12,Dutch,72,PIA,5,SOFT,13,58,0.8055555555555556,0.07618208856576247,74.13482319894253
12,Dutch,72,RUS,2,MEDIUM,11,6,0.08333333333333333,0.04113636363636512,75.41954545454543
12,Dutch,72,RUS,3,HARD,21,19,0.2638888888888889,0.06737012987013061,74.94207575757572
12,Dutch,72,RUS,4,HARD,25,42,0.5833333333333334,0.03692802633547878,74.87612898398925
12,Dutch,72,SAI,2,SOFT,24,6,0.08333333333333333,0.04385391304347665,77.52561724637681
12,Dutch,72,SAI,3,HARD,29,32,0.4444444444444444,0.011854971250895796,78.04585879623916
12,Dutch,72,STR,2,SOFT,9,6,0.08333333333333333,-0.0505166666666654,77.7501055555555
12,Dutch,72,STR,3,HARD,18,17,0.2361111111111111,0.03018575851393311,77.81642277261784
12,Dutch,72,STR,4,HARD,8,37,0.5138888888888888,0.11069047619047333,77.26015476190477
12,Dutch,72,TSU,2,SOFT,12,6,0.08333333333333333,0.012367132867130756,77.06559790209792
12,Dutch,72,TSU,3,HARD,24,20,0.2777777777777778,0.03224695652173823,77.17656753623189
12,Dutch,72,TSU,4,SOFT,20,46,0.6388888888888888,0.04233324945478721,76.40168428116088
13,Italian,53,ALB,2,HARD,37,7,0.1320754716981132,0.019000277977046783,85.83423214286822
13,Italian,53,ALO,2,SOFT,16,7,0.1320754716981132,0.058331187569367705,86.65741567702554
13,Italian,53,ANT,2,MEDIUM,21,7,0.1320754716981132,0.019033937760352594,84.20828665359795
13,Italian,53,ANT,3,MEDIUM,24,30,0.5660377358490566,0.03436732567678433,83.85382348646431
13,Italian,53,BEA,2,HARD,45,7,0.1320754716981132,0.03874353437914936,85.43879610671506
13,Italian,53,BOR,2,MEDIUM,45,7,0.1320754716981132,0.01884621099734586,85.52981470149054
13,Italian,53,BOT,2,MEDIUM,20,7,0.1320754716981132,0.022057724499926677,87.05831217193928
13,Italian,53,BOT,3,SOFT,23,29,0.5471698113207547,0.1486835707360708,87.34815489596538
13,Italian,53,COL,2,HARD,45,7,0.1320754716981132,-0.013229313388190788,85.83830685179295
13,Italian,53,GAS,2,HARD,44,7,0.1320754716981132,0.0030764618344989443,85.20680183841316
13,Italian,53,HAM,2,MEDIUM,45,7,0.1320754716981132,0.02787627480961375,84.55615535976717
13,Italian,53,HUL,2,HARD,20,7,0.1320754716981132,-0.02937611008653752,86.18684976592422
13,Italian,53,HUL,3,MEDIUM,25,29,0.5471698113207547,-0.010477590711175397,85.58915448476044
13,Italian,53,LAW,3,MEDIUM,38,14,0.2641509433962264,0.01987145151962848,84.983437061223
13,Italian,53,LIN,2,HARD,44,7,0.1320754716981132,0.022285117655064392,85.097955684567
13,Italian,53,NOR,2,HARD,44,7,0.1320754716981132,0.007865773686233816,84.84428388969519
13,Italian,53,OCO,2,HARD,20,7,0.1320754716981132,-0.0014362604624762057,86.04826104411974
13,Italian,53,OCO,3,MEDIUM,24,29,0.5471698113207547,0.08446210828548012,85.58401311730927
13,Italian,53,PER,2,SOFT,20,7,0.1320754716981132,0.07269757412399003,86.62142345013476
13,Italian,53,PER,3,MEDIUM,24,29,0.5471698113207547,-0.013297891714519,87.61663978397594
13,Italian,53,PIA,2,HARD,45,7,0.1320754716981132,0.021287337582481164,84.6058401301348
13,Italian,53,RUS,2,HARD,45,7,0.1320754716981132,0.015400773043210499,84.40720365430138
13,Italian,53,SAI,2,HARD,20,7,0.1320754716981132,-0.023725734146687872,86.22517157043553
13,Italian,53,SAI,3,MEDIUM,25,29,0.5471698113207547,0.02642240928882471,85.38466171262701
13,Italian,53,STR,2,HARD,20,7,0.1320754716981132,0.06774870194353859,87.3924888636686
13,Italian,53,TSU,2,MEDIUM,44,7,0.1320754716981132,0.031622057580299325,85.14251978713109
13,Italian,53,VER,2,MEDIUM,21,7,0.1320754716981132,0.010072898799311966,84.49988838519968
13,Italian,53,VER,3,HARD,24,30,0.5660377358490566,0.05631297785069811,84.22849377631941
14,Spanish,57,ALB,1,MEDIUM,11,2,0.03508771929824561,-0.010975089593138207,101.64602775630664
14,Spanish,57,ALB,2,HARD,41,16,0.2807017543859649,-0.0014043920777532554,100.14347543554001
14,Spanish,57,ALO,1,HARD,10,2,0.03508771929824561,-0.05506170255184085,102.27007785087719
14,Spanish,57,ALO,2,SOFT,21,16,0.2807017543859649,0.05137785372522169,99.88590389610388
14,Spanish,57,ALO,3,HARD,17,39,0.6842105263157895,0.10790208978327859,99.40313041795665
14,Spanish,57,ANT,1,MEDIUM,10,2,0.03508771929824561,-0.028568769553682163,97.94021785275831
14,Spanish,57,ANT,2,HARD,42,16,0.2807017543859649,-0.013097241117541875,97.27231199524618
14,Spanish,57,BEA,1,HARD,27,2,0.03508771929824561,-0.14946770010007715,102.29406778587916
14,Spanish,57,BEA,2,MEDIUM,8,35,0.6140350877192983,0.3462518796992461,98.8543214285715
14,Spanish,57,BEA,3,HARD,12,45,0.7894736842105263,0.134929701877066,98.10452662250033
14,Spanish,57,BOR,1,HARD,42,2,0.03508771929824561,-0.05104698199064124,100.1935040876433
14,Spanish,57,BOR,2,SOFT,8,49,0.8596491228070176,0.3273947368421038,98.3602763157895
14,Spanish,57,BOT,1,HARD,23,2,0.03508771929824561,-0.011091156574824512,102.6199768190068
14,Spanish,57,BOT,2,HARD,12,31,0.543859649122807,0.21238075082811753,101.87845601766652
14,Spanish,57,BOT,3,SOFT,10,45,0.7894736842105263,0.09734322169059485,103.77467464114834
14,Spanish,57,COL,1,MEDIUM,11,2,0.03508771929824561,0.09424253390485837,100.32597969222118
14,Spanish,57,COL,2,HARD,42,16,0.2807017543859649,-0.01152800037530002,98.55080266320932
14,Spanish,57,GAS,1,HARD,50,2,0.03508771929824561,-0.03619157839615595,99.78708524992874
14,Spanish,57,HUL,1,SOFT,11,2,0.03508771929824561,-0.013397653011029907,100.74099838381
14,Spanish,57,HUL,2,HARD,41,16,0.2807017543859649,0.01676895286998152,98.38160174216024
14,Spanish,57,LAW,1,HARD,39,2,0.03508771929824561,-0.046851080241804434,99.5341917619562
14,Spanish,57,LAW,2,MEDIUM,12,46,0.8070175438596491,0.1164157158630814,97.36112299104406
14,Spanish,57,LEC,1,HARD,43,2,0.03508771929824561,-0.028860977399256006,98.10371826802246
14,Spanish,57,LEC,2,SOFT,8,50,0.8771929824561403,0.21587092731830143,96.7534329573935
14,Spanish,57,LIN,1,MEDIUM,11,2,0.03508771929824561,0.0596537488581288,100.42585819689408
14,Spanish,57,LIN,2,HARD,41,16,0.2807017543859649,0.022063029525033757,98.31074878048777
14,Spanish,57,NOR,1,MEDIUM,10,2,0.03508771929824561,-0.0238705001782108,97.67199287156942
14,Spanish,57,NOR,2,HARD,41,17,0.2982456140350877,-0.0021866220429100558,96.84813149642393
14,Spanish,57,OCO,1,MEDIUM,11,2,0.03508771929824561,0.009379383037036882,100.60815192186064
14,Spanish,57,OCO,2,HARD,41,16,0.2807017543859649,-0.011303172565558878,98.92577909407662
14,Spanish,57,PER,1,MEDIUM,10,2,0.03508771929824561,0.0014951156299827487,101.96345285087722
14,Spanish,57,PER,2,HARD,15,16,0.2807017543859649,0.5039983082706775,99.616319047619
14,Spanish,57,PIA,1,HARD,37,2,0.03508771929824561,-0.09030859681988251,100.22318549170599
14,Spanish,57,PIA,2,MEDIUM,14,44,0.7719298245614035,-0.056861307113938685,98.47755592828226
14,Spanish,57,RUS,1,HARD,11,2,0.03508771929824561,-0.1826640081512152,98.88663389782866
14,Spanish,57,RUS,2,MEDIUM,12,16,0.2807017543859649,0.09477235921972554,97.19055594405593
14,Spanish,57,RUS,3,HARD,28,30,0.5263157894736842,-0.03172348975888036,97.04241055224271
14,Spanish,57,SAI,1,HARD,17,2,0.03508771929824561,-0.12761117096285132,102.4076918569514
14,Spanish,57,SAI,3,HARD,10,33,0.5789473684210527,0.10156746411483483,101.37750143540669
14,Spanish,57,STR,1,HARD,10,2,0.03508771929824561,-0.11109389952153613,102.70634868421057
14,Spanish,57,TSU,1,HARD,30,2,0.03508771929824561,-0.1208466057258235,101.88201568385536
14,Spanish,57,TSU,2,MEDIUM,19,38,0.6666666666666666,-0.02022456140350932,98.89287368421051
14,Spanish,57,VER,1,SOFT,11,2,0.03508771929824561,-0.16665599747031418,99.52094367929172
14,Spanish,57,VER,2,HARD,42,16,0.2807017543859649,-0.013069933768055299,97.26195316424923
15,Azerbaijan,51,ALB,1,SOFT,25,2,0.0392156862745098,-0.019311871530481493,108.17167853555952
15,Azerbaijan,51,ALO,1,SOFT,17,2,0.0392156862745098,-0.002790091812204051,110.38051359805374
15,Azerbaijan,51,ANT,1,MEDIUM,26,2,0.0392156862745098,-0.06436544076564729,107.83373311115928
15,Azerbaijan,51,ANT,3,SOFT,10,39,0.7647058823529411,-0.28013407181054295,108.78543086325439
15,Azerbaijan,51,BEA,1,SOFT,25,2,0.0392156862745098,-0.013712637258957647,107.87925459102308
15,Azerbaijan,51,BEA,3,MEDIUM,10,39,0.7647058823529411,-0.04886134453781607,107.87956722689077
15,Azerbaijan,51,BOR,1,MEDIUM,26,2,0.0392156862745098,-0.02353740172913814,108.53906168879762
15,Azerbaijan,51,BOR,3,SOFT,10,39,0.7647058823529411,-0.32872498090145325,110.60488540870895
15,Azerbaijan,51,BOT,1,MEDIUM,23,2,0.0392156862745098,0.039382485570807826,110.06668042661
15,Azerbaijan,51,BOT,3,SOFT,9,41,0.803921568627451,-0.06208039215686049,110.20578562091502
15,Azerbaijan,51,COL,1,MEDIUM,26,2,0.0392156862745098,0.012307429834680151,107.4570380142253
15,Azerbaijan,51,GAS,1,MEDIUM,27,2,0.0392156862745098,-0.019458798116513607,107.36155746125142
15,Azerbaijan,51,HAD,1,SOFT,27,2,0.0392156862745098,-0.02397753279852133,106.83912905598413
15,Azerbaijan,51,HAD,3,MEDIUM,10,39,0.7647058823529411,-0.14017952635599298,107.04947860962564
15,Azerbaijan,51,HAM,1,SOFT,27,2,0.0392156862745098,-0.030810956135871242,107.3064880473853
15,Azerbaijan,51,HAM,3,MEDIUM,10,39,0.7647058823529411,-0.1935777947542631,108.28902406417113
15,Azerbaijan,51,HUL,1,MEDIUM,26,2,0.0392156862745098,-0.006082657999584671,108.45643028203644
15,Azerbaijan,51,HUL,3,SOFT,10,39,0.7647058823529411,-0.10811675579322094,108.29063458110507
15,Azerbaijan,51,LAW,1,SOFT,25,2,0.0392156862745098,-0.036349200793727394,108.28351123940882
15,Azerbaijan,51,LAW,3,SOFT,10,39,0.7647058823529411,-0.1757228163992832,108.03672816399285
15,Azerbaijan,51,LEC,1,SOFT,27,2,0.0392156862745098,-0.036584872972161196,107.1696523393306
15,Azerbaijan,51,LEC,3,MEDIUM,10,39,0.7647058823529411,-0.11693710211356716,107.01284224598925
15,Azerbaijan,51,LIN,1,MEDIUM,26,2,0.0392156862745098,-0.0274130590658639,108.38459247760169
15,Azerbaijan,51,LIN,3,SOFT,10,39,0.7647058823529411,-0.11400203717850604,108.3213897377132
15,Azerbaijan,51,NOR,1,MEDIUM,27,2,0.0392156862745098,-0.015212754831506333,107.30787773707914
15,Azerbaijan,51,OCO,1,SOFT,25,2,0.0392156862745098,-0.019474899262267233,108.14155358729789
15,Azerbaijan,51,OCO,3,MEDIUM,10,39,0.7647058823529411,-0.06053450471097219,107.8316949325184
15,Azerbaijan,51,PER,1,MEDIUM,26,2,0.0392156862745098,0.00127641142971362,108.52947368443557
15,Azerbaijan,51,PER,3,SOFT,10,39,0.7647058823529411,-0.06400203717850458,108.6248897377132
15,Azerbaijan,51,PIA,1,SOFT,27,2,0.0392156862745098,-0.023598643586541516,106.81757802370731
15,Azerbaijan,51,PIA,3,MEDIUM,10,39,0.7647058823529411,-0.06723147440794075,107.58361497326203
15,Azerbaijan,51,RUS,1,MEDIUM,27,2,0.0392156862745098,-0.016679481039289297,106.43121264731533
15,Azerbaijan,51,RUS,3,SOFT,10,39,0.7647058823529411,-0.08086134453781339,105.75770588235292
15,Azerbaijan,51,SAI,1,MEDIUM,17,2,0.0392156862745098,-0.017757841689114075,108.68956677382921
15,Azerbaijan,51,SAI,4,SOFT,10,39,0.7647058823529411,-0.2041513878278615,110.06609918512864
15,Azerbaijan,51,VER,1,MEDIUM,27,2,0.0392156862745098,-0.007589463176955305,106.56296090078952
15,Azerbaijan,51,VER,3,SOFT,10,39,0.7647058823529411,-0.07928775146422233,105.76588770053478
