race,driver,stint,compound,clean_laps,start_lap,deg_per_lap,pace_at_age5,median_gap
Australian,ALB,2,HARD,14,14,0.06842826413255605,84.05480565077306,3.1494999999999997
Australian,ALB,3,SOFT,23,35,0.048766188582234915,84.03866259695508,27.33
Australian,ANT,2,HARD,39,16,0.018920876358606828,81.67365428888057,6.252
Australian,BEA,2,HARD,18,40,0.04717484813509655,83.08627744105974,17.226
Australian,BOR,2,HARD,13,20,-0.02551050211836469,83.25729141831054,4.871
Australian,BOR,3,HARD,17,35,0.11202289896250328,82.8194823265386,4.568
Australian,COL,2,HARD,27,14,0.046924572461861165,83.50428494404454,13.173
Australian,COL,3,SOFT,9,48,0.14529352718566055,83.76141433091331,40.209
Australian,GAS,2,HARD,35,14,0.040907209577528275,83.37924953753385,7.237
Australian,HAD,1,MEDIUM,8,2,-0.024289806147662723,83.51005096926163,3.5084999999999997
Australian,HAM,1,MEDIUM,12,2,0.004071723146019474,82.27018410814009,1.8035
Australian,HAM,2,HARD,26,30,0.008301497285414619,82.05878342442824,4.7785
Australian,LAW,2,HARD,16,14,-0.03119931763790465,84.56094082969395,11.8
Australian,LAW,3,SOFT,13,37,-0.036472040579898765,83.64877674367793,6.29
Australian,LEC,1,MEDIUM,16,3,-0.041859889380318455,82.77200284870852,999.0
Australian,LEC,2,HARD,31,27,0.029857020021038485,81.92225281031801,9.417
Australian,LIN,1,MEDIUM,10,4,-0.010807422339574093,83.69987543203025,2.1125
Australian,LIN,2,HARD,34,20,0.05532122723979841,83.095914925402,6.0525
Australian,NOR,2,HARD,17,14,0.04662318112361249,82.15229557975982,7.707
Australian,NOR,3,MEDIUM,19,39,-0.0018646251456407247,82.4549422605015,34.49
Australian,OCO,2,HARD,8,14,0.06374758590759601,83.78327925016927,5.654999999999999
Australian,PER,1,MEDIUM,11,3,0.06222870460952579,85.54432709387746,3.471
Australian,PER,2,HARD,21,20,0.05160173988317247,86.55885326359935,32.787
Australian,PER,3,SOFT,11,45,0.2268359514280897,85.97976203218457,44.946
Australian,RUS,2,HARD,38,15,0.03364163848770435,81.42883929138968,999.0
Australian,SAI,2,HARD,12,16,0.1796375939715929,83.1164501618639,4.202
Australian,SAI,4,SOFT,10,47,-0.5499610182688767,86.04792484413164,27.521
Australian,STR,2,HARD,9,14,0.13242231506444968,85.563736839011,11.525
Australian,VER,2,MEDIUM,19,20,0.06773851513405224,82.04251945080553,4.566
Chinese,ALO,1,HARD,13,4,-0.003918335544853011,99.24507666488661,2.094
Chinese,ANT,1,MEDIUM,8,2,-0.06778506591450319,95.74611038471325,999.0
Chinese,ANT,2,HARD,39,14,0.016042615963520912,95.72231835839176,999.0
Chinese,BEA,2,HARD,34,20,0.02139605389639901,96.83301623882505,19.285
Chinese,BOT,2,HARD,33,15,0.035582331018417186,98.72941114424101,7.483
Chinese,COL,1,HARD,14,2,0.023265159996195623,97.12080647206535,3.3739999999999997
Chinese,COL,2,MEDIUM,16,34,0.1296974971107107,96.89902209897855,4.321
Chinese,GAS,1,MEDIUM,8,2,-0.0041064944859298515,96.77564609899895,3.235
Chinese,GAS,2,HARD,26,29,0.024003931977504063,96.5790459263141,3.3369999999999997
Chinese,HAD,3,HARD,12,25,0.03167522736943162,97.42954649784792,2.9770000000000003
Chinese,HAM,2,HARD,24,21,0.027357795427002292,95.98168967295314,14.108
Chinese,HUL,1,HARD,8,3,0.010663462188054567,97.56741265784514,1.863
Chinese,HUL,2,MEDIUM,16,38,0.11353821575665764,97.10557638970023,12.582
Chinese,LAW,2,HARD,27,21,0.01391790546630459,97.44890041183055,13.616
Chinese,LEC,2,HARD,22,16,0.026920570074389145,96.10764691781648,3.0285
Chinese,LIN,1,HARD,15,4,0.012260269194890651,97.77862747319371,8.632
Chinese,LIN,2,MEDIUM,11,44,0.19076600217628967,96.75502479921461,5.134
Chinese,OCO,2,MEDIUM,12,31,0.13140745070622065,97.41405801564977,7.148999999999999
Chinese,PER,1,MEDIUM,8,2,0.10290541027598048,99.16726514661799,3.3529999999999998
Chinese,PER,2,HARD,23,19,0.05385374168485054,99.15725592703802,2.866
Chinese,RUS,2,HARD,27,16,0.028439101595389295,95.33836179759462,7.572
Chinese,SAI,2,HARD,29,23,0.04305439031547264,97.47873931437877,12.575
Chinese,VER,2,HARD,20,23,0.019478864833606124,96.80056181981301,2.261
Japanese,ALB,1,MEDIUM,12,9,0.03357893579266516,95.5466988747675,2.1340000000000003
Japanese,ALB,2,HARD,11,34,0.06377264208637046,95.20362497269566,2.351
Japanese,ALO,3,MEDIUM,23,30,0.0646009029559354,97.4422412906714,16.282
Japanese,ANT,2,HARD,26,28,0.07406333361706416,92.8446146230453,999.0
Japanese,BOR,2,HARD,17,29,0.0427146853981823,95.38298148375213,2.99
Japanese,BOT,1,HARD,9,10,0.27441658148030984,95.70187179629045,5.205
Japanese,BOT,2,MEDIUM,25,28,0.131262222505952,96.22620103245048,9.777
Japanese,GAS,1,MEDIUM,19,3,0.0667367569189063,94.07741010038399,4.803
Japanese,GAS,2,HARD,23,30,0.07203834852963527,93.88979040322361,4.954
Japanese,HAD,2,HARD,17,36,0.07971635991458055,94.16508677876725,3.351
Japanese,HAM,1,MEDIUM,13,7,0.031091520857291485,93.86288345767207,1.907
Japanese,HAM,2,HARD,9,37,0.03695218754091639,94.15287951815019,1.821
Japanese,HUL,2,HARD,9,38,0.04016658148030852,94.67626428144872,2.219
Japanese,LAW,2,HARD,24,30,0.060820784378862035,94.74674509127276,10.673
Japanese,LEC,1,MEDIUM,11,5,0.08203374940011254,93.44683641617347,2.434
Japanese,LEC,2,HARD,14,19,0.03357008097678591,93.67684918330195,2.0919999999999996
Japanese,LIN,1,MEDIUM,10,2,0.1304012171719704,94.66298215062572,3.192
Japanese,NOR,2,HARD,15,18,0.059465723637172334,93.47753644638065,2.618
Japanese,OCO,1,MEDIUM,9,9,0.09880959223300041,94.5838544127779,4.088
Japanese,PER,1,MEDIUM,16,4,0.08911918459051874,96.1295594117964,5.9085
Japanese,PER,2,HARD,22,32,0.048084104536965856,96.37167683653814,12.375
Japanese,PIA,1,MEDIUM,15,2,0.06681081528757725,93.2762294318881,999.0
Japanese,PIA,2,HARD,27,21,0.05274950771679176,93.41754746348688,8.312
Japanese,SAI,1,MEDIUM,15,6,0.03133205767078687,95.51084243121107,2.856
Japanese,SAI,2,HARD,17,32,0.05670453578976025,95.21834801149485,2.834
Japanese,STR,1,MEDIUM,13,8,0.11492958514331361,96.19510946417805,6.333
Japanese,VER,1,MEDIUM,17,5,0.029835208931290814,94.41108780936229,4.233
Miami,ALB,1,MEDIUM,9,17,-0.047289003084009,93.8393593963446,2.509
Miami,ALB,2,HARD,26,30,0.010844850979019757,92.21132521149896,5.828
Miami,ALO,1,MEDIUM,19,20,0.03386030113363658,93.61051198347909,3.241
Miami,ANT,1,MEDIUM,12,4,-0.02701140600060826,91.43121502199325,2.749
Miami,ANT,2,HARD,27,29,0.00998304773169771,90.30010749812243,999.0
Miami,BEA,2,HARD,14,31,0.045509471834253114,92.00069427783826,5.9015
Miami,BOR,1,MEDIUM,14,14,-0.04145345024845874,93.95434570677756,6.066000000000001
Miami,BOR,2,HARD,16,34,0.03227704932615717,91.93348763452549,5.250500000000001
Miami,BOT,4,MEDIUM,22,32,0.035601650522348524,96.1366471673917,37.211
Miami,COL,1,MEDIUM,16,3,0.00018998495188326007,92.21592799056197,3.7165
Miami,COL,2,HARD,23,33,0.011943080446453232,91.53132667802053,12.208
Miami,HAM,2,HARD,27,29,0.05780815913143942,90.97404451101644,5.535
Miami,LEC,2,HARD,21,31,-0.007041605065621523,91.05537304826359,7.433
Miami,LIN,1,MEDIUM,12,4,0.009133073700159052,93.73365497074545,4.3455
Miami,LIN,2,HARD,24,30,0.02991231055305675,92.72922913438396,14.204
Miami,NOR,1,MEDIUM,13,13,0.02741199032843073,90.5855254936379,999.0
Miami,NOR,2,HARD,13,43,0.007419210297038506,90.45102135971706,1.997
Miami,OCO,1,MEDIUM,9,17,0.028234065909945257,92.73722406786743,2.663
Miami,OCO,2,HARD,19,33,0.03917851738302648,92.29207374341635,9.728
Miami,PER,1,MEDIUM,13,16,0.01912992063932674,94.122319932867,4.837
Miami,PER,2,HARD,22,31,0.02312556911903096,93.99637103895691,13.8625
Miami,PIA,1,MEDIUM,8,13,0.05590191661720661,90.84138726749313,7.193
Miami,PIA,2,HARD,18,30,-0.0026113762317424055,90.82799888460701,3.9130000000000003
Miami,RUS,2,HARD,23,24,-0.008966059064983744,91.48335784775495,3.738
Miami,SAI,1,MEDIUM,10,15,0.04448937649878267,91.98915695620398,3.915
Miami,SAI,2,HARD,25,30,0.021882873365272004,91.85104766997789,12.892
Miami,STR,2,SOFT,14,23,0.036098052507461356,93.77327498789136,10.369
Miami,STR,3,SOFT,16,39,-0.03446353457801852,93.43127491055489,11.332
Miami,VER,2,HARD,32,13,0.025880026182318085,91.0390118779637,7.6530000000000005
Canadian,ANT,2,MEDIUM,31,33,-0.026843683636421478,75.05754553564205,999.0
Canadian,BEA,1,SOFT,18,2,-0.13749362860407072,79.03505840146838,2.9705
Canadian,BEA,2,MEDIUM,29,32,-0.02182089346004921,76.68736943944681,4.505
Canadian,BOR,2,SOFT,11,4,-0.1664842440826454,77.34539391715253,5.378
Canadian,BOR,3,MEDIUM,33,20,0.0041587109403565395,76.40225249807132,7.021
Canadian,BOT,3,MEDIUM,13,14,0.07770354112577524,78.22722646018292,27.507
Canadian,BOT,4,SOFT,16,31,0.10995128723391205,78.31765697856203,32.5655
Canadian,BOT,5,MEDIUM,13,51,-0.2979483268804687,80.09994877770293,49.37
Canadian,COL,1,MEDIUM,24,2,-0.10129630102176591,77.38905957295808,19.7705
Canadian,COL,2,HARD,29,33,-0.004031850161238035,76.18656560654664,35.506
Canadian,GAS,1,MEDIUM,15,2,-0.22062954843846894,79.7949773444327,7.944
Canadian,GAS,2,HARD,12,33,0.00406506820150674,76.4042644268171,2.8965
Canadian,HAD,1,SOFT,15,4,-0.015969600851673607,75.48009846064294,2.109
Canadian,HAD,2,MEDIUM,12,33,-0.05404111736550267,75.57970644641769,3.1425
Canadian,HAM,1,SOFT,9,8,-0.004242676880805979,75.50283572120297,4.789
Canadian,HAM,2,MEDIUM,24,33,-0.008909349340264447,74.77575314142211,5.1535
Canadian,HUL,2,SOFT,10,4,-0.1548778430400783,78.09928560944137,4.810499999999999
Canadian,HUL,3,MEDIUM,33,22,0.00800700287898471,76.1236725594118,12.329
Canadian,LAW,1,MEDIUM,20,5,-0.03489483118284694,76.77364250094807,5.5565
Canadian,LAW,2,SOFT,29,33,-0.010388517353935466,76.3606669202193,13.277
Canadian,LEC,1,SOFT,19,5,-0.01711812451917944,75.23719025362969,2.617
Canadian,LEC,2,MEDIUM,25,39,0.07332421716240069,74.25840957446275,17.813
Canadian,NOR,3,MEDIUM,13,20,-0.032604957310194825,75.77707956925113,6.705
Canadian,OCO,1,SOFT,8,3,-0.37925141945206237,79.33963462248488,3.058
Canadian,OCO,2,MEDIUM,8,19,-0.04598425128455056,77.26168417130025,3.0300000000000002
Canadian,OCO,3,SOFT,30,32,-0.02859992781140386,77.65353827855202,49.088499999999996
Canadian,PER,3,MEDIUM,11,17,-0.08390220565323248,77.28470325535636,10.4
Canadian,PIA,3,MEDIUM,30,14,-0.008698937045593895,76.14769444018032,10.8895
Canadian,PIA,4,SOFT,10,53,0.03709569534927251,76.25885115816223,4.7125
Canadian,RUS,1,SOFT,18,6,0.03133715373951257,73.9622517453375,999.0
Canadian,SAI,2,MEDIUM,21,4,-0.04434277108896292,76.70815220704047,9.398
Canadian,SAI,3,MEDIUM,31,32,-0.012551728060059298,76.66891975000208,16.815
Canadian,STR,2,SOFT,25,16,0.025387317328395644,79.0809836896141,21.972
Canadian,STR,3,MEDIUM,12,52,0.1539182686093428,79.47599035105853,82.0925
Canadian,VER,1,SOFT,18,9,0.02149958824691151,74.33989882129576,6.1055
Canadian,VER,2,MEDIUM,23,33,-0.027363636639335054,75.22824573657634,5.737
Monaco,ALB,1,MEDIUM,32,5,0.0540712595679228,76.49759590910908,2.8805
Monaco,ALB,2,SOFT,10,45,-0.3671870468133076,80.22277764161217,2.8055000000000003
Monaco,ALO,2,SOFT,53,5,0.03351832207966974,77.24616826668736,10.117
Monaco,ANT,1,MEDIUM,35,2,0.005585412234550848,74.90376627685903,999.0
Monaco,ANT,2,HARD,21,39,-0.04248805351538513,75.07831950127154,999.0
Monaco,BEA,2,HARD,13,12,-0.2993695181196574,82.17324650401764,5.661
Monaco,BOR,2,HARD,22,12,-0.002950388158991789,77.22450255233443,8.9805
Monaco,BOR,3,MEDIUM,8,45,0.7631216867443531,77.06284096372903,7.3375
Monaco,BOT,2,MEDIUM,13,3,0.019118939491611534,79.52607077980679,5.483
Monaco,COL,1,MEDIUM,21,12,0.07653142700409547,75.83852380168715,2.455
Monaco,COL,2,HARD,8,37,0.24860448496269955,77.09921902176235,2.533
Monaco,GAS,1,MEDIUM,41,4,0.023863324375014466,76.30797724905283,6.688
Monaco,GAS,2,HARD,12,47,-0.16816227928961236,77.27783591896936,12.1805
Monaco,HAD,1,MEDIUM,30,2,0.07021489348199937,75.70839727052457,9.148
Monaco,HAD,2,HARD,25,34,0.002683664766333127,76.4192017502005,8.498
Monaco,HAM,1,MEDIUM,26,2,0.033492981005648306,75.00704405032742,4.4025
Monaco,HAM,2,HARD,30,30,-0.0017103567960869558,75.5177448775645,19.104
Monaco,HUL,2,HARD,12,14,0.09780012280608393,75.37440288787184,2.9699999999999998
Monaco,LAW,1,MEDIUM,37,6,0.02718311902622476,76.59828755140974,6.029
Monaco,LAW,2,SOFT,12,46,-0.03879514642248114,76.69676270003279,15.2975
Monaco,LEC,1,MEDIUM,30,5,0.023966395150519907,75.11441373326095,5.3785
Monaco,LEC,2,HARD,23,37,-0.022058296316065512,75.33537565723891,6.879
Monaco,LIN,1,MEDIUM,22,4,0.035532395592044845,76.683963306385,6.3415
Monaco,OCO,2,HARD,26,11,0.09256337850448053,75.64658381788257,5.609500000000001
Monaco,PER,3,MEDIUM,42,11,0.05779334221963661,77.06704737704327,8.0115
Monaco,PIA,1,MEDIUM,46,2,0.02876703937199216,76.18213818791763,7.211
Monaco,PIA,2,HARD,9,50,-0.1168140275413586,75.85345654030796,10.27
Monaco,RUS,1,MEDIUM,11,2,-0.16190493663226696,76.02436622592955,1.793
Monaco,RUS,2,HARD,19,33,0.004801246111589254,75.35100879722553,45.138
Monaco,SAI,1,MEDIUM,48,4,0.03989649134704641,77.00713068730408,4.1185
Monaco,STR,2,SOFT,51,6,0.033376379698460405,77.31545342030272,4.505
Barcelona,ALB,2,HARD,13,15,0.24896653893714735,84.09097738500368,5.541
Barcelona,ALB,4,SOFT,14,36,0.17247329800722455,83.67538169920485,707.1465000000001
Barcelona,ALO,1,HARD,10,5,0.15082225407437205,84.67134385796156,2.338
Barcelona,ALO,2,HARD,15,23,0.11381203427096108,85.1267200339021,18.104
Barcelona,ANT,2,HARD,15,16,0.13372003225888734,80.99966703143,3.987
Barcelona,BEA,3,SOFT,19,30,0.05196667016162814,84.71643256251583,3.8
Barcelona,BOR,2,HARD,10,18,0.3045216124677215,82.81041448285701,2.768
Barcelona,BOR,3,HARD,12,35,0.08945901497536754,83.69237706865707,2.1615
Barcelona,BOT,1,MEDIUM,10,4,0.36766257539650277,84.5486886345583,3.6355
Barcelona,COL,2,HARD,13,14,0.1251091344284952,82.97361674784966,2.24
Barcelona,COL,3,HARD,23,36,0.08229085597761993,83.65521323852202,9.26
Barcelona,GAS,2,HARD,10,16,0.16613388701573004,82.47360246084021,2.3435
Barcelona,GAS,3,HARD,21,42,0.11984678627712977,83.17787984560408,39.677
Barcelona,HAD,2,HARD,14,17,0.20668625787344536,81.57986646181672,19.113500000000002
Barcelona,HAD,3,HARD,21,34,0.14248147437258143,81.8575181541568,27.14
Barcelona,HAM,1,SOFT,8,3,0.27564893903286475,80.1582801504319,2.961
Barcelona,HAM,2,HARD,11,15,0.19410921472208834,80.78610833780901,2.09
Barcelona,HAM,3,MEDIUM,8,29,0.1566370342709621,80.67609938238503,6.739
Barcelona,HAM,4,HARD,21,43,0.13708962614246187,80.92313200187186,999.0
Barcelona,LAW,1,MEDIUM,9,2,0.28693227236619673,82.52557247294212,6.335
Barcelona,LAW,2,HARD,20,14,0.09851856652341627,83.21284246831311,11.388
Barcelona,LAW,3,HARD,23,37,0.06678483646876367,83.89443008082411,2.611
Barcelona,LEC,2,HARD,21,18,0.13923703427096223,81.24593962445203,6.422
Barcelona,LEC,3,HARD,18,43,0.1896420255627524,81.18698477745205,3.3674999999999997
Barcelona,LIN,1,MEDIUM,16,5,0.12076903707208042,83.47663807751728,3.3840000000000003
Barcelona,LIN,2,HARD,8,26,-0.03157913114257297,84.96112003809792,15.525500000000001
Barcelona,LIN,3,HARD,21,41,0.0768089738068342,83.41619175333959,7.672
Barcelona,NOR,1,MEDIUM,9,4,0.12709893903286607,81.25456136183097,2.553
Barcelona,NOR,2,HARD,17,18,0.13765384099364866,80.9528867849445,2.483
Barcelona,NOR,3,HARD,15,37,0.15703474330350264,80.69610897918515,1.866
Barcelona,OCO,2,HARD,19,15,0.2297884127170754,83.50105458680211,3.003
Barcelona,OCO,3,MEDIUM,18,36,0.2380670507862392,83.10882451823552,13.182
Barcelona,PER,2,HARD,15,14,0.23813085993682043,84.15513394095984,4.777
Barcelona,PER,4,MEDIUM,19,41,0.126961088640426,85.24395680935703,42.992
Barcelona,PIA,2,HARD,20,16,0.12387838765442163,81.51541342558433,6.3665
Barcelona,PIA,3,HARD,24,38,0.13531479972938257,81.49963586353157,8.3575
Barcelona,RUS,1,MEDIUM,10,2,0.3163595450934702,80.38113711940674,999.0
Barcelona,RUS,2,HARD,22,14,0.12509242670461349,81.10725504844491,999.0
Barcelona,RUS,3,HARD,21,38,0.13001974647668055,81.05105100404158,9.843
Barcelona,SAI,1,SOFT,9,4,0.2523075411834093,83.23340867365893,1.754
Barcelona,SAI,2,HARD,14,16,0.17257659471052264,83.38320804675267,9.0405
Barcelona,SAI,3,HARD,21,32,0.05696980339756967,84.26514217104761,10.037
Barcelona,VER,2,MEDIUM,15,14,0.16216560569953542,81.14841529689204,5.472
Barcelona,VER,3,HARD,8,31,0.13942972459549552,81.5443494897501,6.5655
Barcelona,VER,4,MEDIUM,22,42,0.17973468180824667,81.11409261945214,18.567999999999998
Austrian,ALB,2,MEDIUM,11,20,0.09078585578115059,72.27367241667751,2.91
Austrian,ALB,3,HARD,29,39,0.11617818395564923,72.32553131626082,3.793
Austrian,ALO,1,MEDIUM,19,3,0.10059444690649384,73.2040903926558,5.495
Austrian,ALO,2,SOFT,16,26,0.0634162665491773,73.88234928912738,23.024
Austrian,ALO,3,SOFT,18,51,0.1294798483028642,73.080730521805,59.3525
Austrian,ANT,1,MEDIUM,13,7,0.09427324737154294,70.18034442547423,3.321
Austrian,ANT,2,HARD,21,30,0.07366812648495065,70.06918952087746,6.669
Austrian,ANT,3,HARD,15,54,0.06733728232910377,70.22631519138237,3.512
Austrian,BEA,1,MEDIUM,11,10,0.002123591852917618,73.54932629259788,1.977
Austrian,BEA,2,HARD,17,28,0.13682530753918642,71.89563980098953,4.262
Austrian,BEA,3,MEDIUM,23,47,0.0650348435129435,72.2646416975595,18.609
Austrian,BOR,1,SOFT,10,7,0.08075730397413147,71.73252591381001,3.0484999999999998
Austrian,BOR,2,MEDIUM,20,21,0.10445135633554387,71.01732201489777,3.9335
Austrian,BOR,3,HARD,23,46,0.0879239326747291,71.75836306684515,6.972
Austrian,COL,2,HARD,18,22,0.1021607976018024,71.84476434572872,7.250500000000001
Austrian,COL,3,MEDIUM,19,49,0.07578077595877748,71.76769918228054,5.014
Austrian,GAS,2,HARD,17,17,0.06987300067788053,71.4123798662568,7.694
Austrian,GAS,3,MEDIUM,10,40,0.09615663797346143,71.7704746935981,3.815
Austrian,GAS,4,SOFT,10,53,-0.10205481723798773,72.33212417406634,6.7265
Austrian,HAD,2,MEDIUM,8,32,0.07339323471005739,70.51144916023614,3.817
Austrian,HAD,3,HARD,25,42,0.05929155666194717,70.75079904730549,4.025
Austrian,HAM,4,HARD,23,44,0.08049477360859532,70.56513057211359,3.979
Austrian,HUL,2,MEDIUM,19,23,0.04404599366686321,71.48493855459286,10.527
Austrian,HUL,3,HARD,22,47,0.0364754547454768,72.24032071652138,10.937
Austrian,LAW,1,MEDIUM,14,5,0.14063975485657848,71.02573284021696,4.2875
Austrian,LAW,3,MEDIUM,22,47,0.06555894430383315,71.60987610737462,37.195
Austrian,LEC,2,HARD,17,15,0.02043343484808641,70.77826040924906,5.124
Austrian,LEC,3,HARD,13,39,0.09499745109828618,70.59089635560633,9.074
Austrian,LEC,4,SOFT,11,61,0.016969425186248565,70.8783531181794,21.901
Austrian,LIN,1,MEDIUM,10,8,0.11186033427715943,71.44486530774942,2.585
Austrian,LIN,2,HARD,22,21,0.1020312369390696,70.94533850347977,13.526499999999999
Austrian,LIN,3,MEDIUM,17,53,0.08474473021309302,71.58322721451337,2.365
Austrian,NOR,1,MEDIUM,9,7,0.07979468291820631,71.0064476413952,1.622
Austrian,NOR,2,HARD,18,23,0.062393317423047455,70.39043894353446,5.2844999999999995
Austrian,NOR,3,HARD,18,49,0.1121893641486098,70.45083727143475,2.2695
Austrian,OCO,1,MEDIUM,9,6,0.15194039292818556,72.3178180936732,4.206
Austrian,OCO,2,MEDIUM,8,20,-0.05320633238950936,72.50789071867771,2.9234999999999998
Austrian,OCO,3,HARD,33,35,0.10431913787877851,72.29646792825153,12.566
Austrian,PIA,2,HARD,14,21,0.07831746486503932,70.13960191538163,5.6825
Austrian,PIA,3,HARD,24,44,0.0938243871889324,70.251354266722,7.8185
Austrian,RUS,1,MEDIUM,17,2,0.12178854283330753,70.00439859651947,999.0
Austrian,RUS,2,HARD,19,21,0.08247079681076931,70.12363345693467,999.0
Austrian,RUS,3,HARD,25,45,0.06388318968858869,70.39084870753555,999.0
Austrian,STR,1,MEDIUM,14,3,0.11668326990093622,73.23837285090788,1.784
Austrian,STR,2,SOFT,17,26,0.0558104921837689,73.5390340500042,8.657
Austrian,VER,1,MEDIUM,10,2,0.10050077705585639,70.13707723139623,5.1240000000000006
Austrian,VER,2,HARD,21,22,0.08016096490970866,69.91921266085554,4.217
Austrian,VER,3,HARD,19,51,0.06961498016639991,70.31237878916154,5.242
British,ALB,2,HARD,11,3,0.3056396992978424,96.0109836503325,38.343
British,ALB,4,SOFT,10,25,0.18969424475239058,94.92532309083488,65.852
British,ALO,2,HARD,21,22,0.04643399362910026,97.56521544668567,32.512
British,ANT,1,MEDIUM,23,11,0.024009454251711367,92.8439671774754,4.534
British,BEA,1,MEDIUM,9,6,0.03971878043176234,95.26967992366423,2.556
British,BEA,2,HARD,11,31,0.13005882489274548,94.96871521937905,5.735
British,BOR,1,MEDIUM,18,5,0.031075468201839644,94.39734930362597,3.8209999999999997
British,BOR,2,HARD,13,32,0.057733697191840315,94.37336237356485,5.167
British,BOT,1,MEDIUM,21,3,0.1047830234155897,95.68751457188665,4.662
British,BOT,2,HARD,13,31,0.11418984721942317,96.37827609613868,30.732
British,COL,1,MEDIUM,11,10,-0.03471484615670388,95.46910758739831,2.727
British,COL,2,HARD,20,24,0.06374562710709757,94.48847678985243,13.938
British,GAS,1,MEDIUM,14,7,-0.01903202897388642,95.20469260238332,5.883
British,GAS,2,HARD,18,27,0.06017849027785663,94.3998109145932,3.5095
British,HAD,1,MEDIUM,11,8,0.03799424475238799,93.68759849648923,4.511
British,HAD,2,HARD,13,23,0.06509259818467682,93.88844174418719,6.558
British,HAM,1,MEDIUM,13,5,0.06456580563119142,92.98039681827464,3.292
British,LAW,1,MEDIUM,23,3,0.040976361520436405,94.21888150207208,7.402
British,LAW,2,HARD,15,30,0.04284427156044373,94.04200267184852,19.175
British,LEC,1,MEDIUM,21,3,0.0768936214429694,92.37242865055251,999.0
British,LEC,2,HARD,19,27,0.05959823884448899,92.99082393801807,999.0
British,LIN,1,MEDIUM,16,3,0.04611991845547173,94.24010974698078,1.7125
British,LIN,2,HARD,9,29,0.09803885581143361,93.77449596328545,2.716
British,NOR,1,MEDIUM,10,8,0.017706661603830644,93.70755548096811,7.1274999999999995
British,NOR,2,HARD,8,30,0.1654782274363775,93.31243626730505,12.036999999999999
British,OCO,2,HARD,11,23,0.016741645178048842,95.64412558399385,16.516
British,PER,1,MEDIUM,16,4,0.04511443191816691,95.55767877723787,3.4105
British,PER,2,HARD,17,23,0.05405509956921265,96.26133998364355,10.034
British,PIA,2,HARD,25,4,0.0970782733786185,93.16017129002987,9.955
British,RUS,1,MEDIUM,18,3,0.05870822719304506,92.99137015998159,2.824
British,RUS,3,MEDIUM,9,36,0.11288461782271549,92.2377702183383,5.078
British,SAI,1,MEDIUM,9,3,0.06996170495176167,94.54517513687014,2.683
British,SAI,2,HARD,15,22,0.056256608388751655,95.22877320971887,5.017
British,STR,1,MEDIUM,15,3,0.0802413226744657,97.24503280384856,9.574
British,STR,2,HARD,21,20,0.018313678491275805,98.05373746481717,4.89
British,VER,2,HARD,17,19,0.07723181320803217,93.17443086151927,9.337
Belgian,ALB,1,MEDIUM,9,9,0.13829557721193145,110.79117233050412,3.862
Belgian,ALB,2,HARD,23,21,0.03327108436714721,111.64832048848648,7.614
Belgian,ALO,2,SOFT,10,21,0.71349103175739,113.99687567126823,26.4565
Belgian,ALO,3,HARD,10,33,0.3664728499392095,115.18534987053867,54.418499999999995
Belgian,ANT,1,MEDIUM,12,5,0.02821321146447236,109.28522183864796,999.0
Belgian,ANT,2,HARD,17,22,0.05715939835014605,108.51938567424841,999.0
Belgian,BEA,3,HARD,21,22,0.050550488474349,110.99464378346273,12.226
Belgian,BOR,2,HARD,23,22,0.06748332424750365,109.92765919314417,8.937
Belgian,BOT,2,HARD,21,9,0.09438776205411689,112.10702171501984,9.741
Belgian,BOT,3,SOFT,10,34,0.0015334559998183691,112.80920453865969,60.972
Belgian,COL,2,HARD,16,17,0.028050920723381896,110.75645238393336,21.573
Belgian,HAD,4,HARD,23,22,0.03821356140165529,109.10525590842241,7.058
Belgian,HAM,2,HARD,20,22,0.06003705217810011,109.05187623679358,4.761
Belgian,LAW,2,HARD,9,19,0.1406028397817592,110.55741573418275,9.289
Belgian,LEC,2,HARD,17,23,0.04292054199074143,109.00825735083934,999.0
Belgian,LIN,2,HARD,23,19,0.051399778065230405,109.78678736431249,2.931
Belgian,NOR,1,HARD,11,12,0.03139717658267663,109.27779553157613,3.719
Belgian,NOR,2,MEDIUM,11,32,-0.0018180591516993023,108.85236792969035,5.755
Belgian,OCO,3,HARD,11,21,0.05589968160374804,111.1613387034234,4.661
Belgian,PIA,2,HARD,16,25,0.07346063745289803,109.28240750258742,2.3594999999999997
Belgian,SAI,2,HARD,22,16,0.04282407779160365,110.94399175602585,4.8260000000000005
Belgian,VER,2,HARD,22,19,0.05630327790568868,108.927362222944,6.861000000000001
Hungarian,ALB,1,MEDIUM,20,6,0.05435857903842989,86.68804627865084,5.645
Hungarian,ALB,2,HARD,23,28,0.062402551132018334,86.75228533981192,12.087
Hungarian,ALO,1,SOFT,18,5,0.05263503783919352,86.16395872320183,4.9239999999999995
Hungarian,ALO,2,MEDIUM,15,37,0.0326044830364849,86.04513172044555,5.234
Hungarian,ALO,3,SOFT,11,57,0.10198142185976634,84.93741859702739,7.396
Hungarian,ANT,1,MEDIUM,13,7,0.04075398047661731,83.97031586584804,1.812
Hungarian,ANT,2,HARD,22,24,0.056310280039814746,84.02418697811538,5.029999999999999
Hungarian,ANT,3,HARD,14,55,0.10194979534634822,83.7019112347814,5.8065
Hungarian,BEA,1,MEDIUM,13,7,0.08307100560323766,86.12503187689079,2.844
Hungarian,BEA,2,HARD,8,24,0.20849824949823806,86.22097652841119,3.227
Hungarian,BEA,3,HARD,17,50,0.10568912178893558,86.81821502569574,28.377
Hungarian,BOR,1,SOFT,15,14,0.037880571519636426,85.4880445242648,8.848
Hungarian,BOR,2,HARD,24,33,0.15176725617472664,84.17104987277509,4.4655000000000005
Hungarian,COL,2,HARD,11,26,0.11420102606509111,85.66606597584719,4.2
Hungarian,COL,3,HARD,26,39,0.12185040018242957,85.54800050271776,6.0785
Hungarian,GAS,1,MEDIUM,10,6,0.16724648061054265,85.2973778575982,2.8855
Hungarian,GAS,2,HARD,17,19,0.12830991833506958,85.15468401725403,5.084
Hungarian,GAS,3,HARD,13,41,0.10183944028245154,85.63814589874369,24.454
Hungarian,GAS,4,SOFT,10,57,0.22289916126322262,84.62012916297302,11.91
Hungarian,HAD,1,MEDIUM,13,6,0.10401271437677687,84.46162401144434,7.034
Hungarian,HAD,2,HARD,19,21,0.16093745635238307,84.04263565629101,7.831
Hungarian,HAD,3,HARD,24,44,0.07154975867017778,84.15983074527134,17.8445
Hungarian,HAM,2,HARD,8,15,0.10205193006304772,83.83786191200335,2.391
Hungarian,HAM,3,HARD,22,32,0.054097087342551864,84.04689134740362,2.7725
Hungarian,HUL,2,HARD,15,22,-0.02010447873162143,85.9503086745952,2.024
Hungarian,HUL,3,SOFT,14,41,0.046954097204961485,85.24157165967198,2.3615000000000004
Hungarian,LAW,1,MEDIUM,17,2,0.12290953430392318,84.78410935311852,4.118
Hungarian,LAW,2,HARD,17,24,0.06460538951235405,85.35909010132015,11.118
Hungarian,LAW,3,SOFT,19,44,0.04695000357377819,85.69352250512046,7.661
Hungarian,LEC,2,HARD,11,18,0.13458663364388448,83.79303173137122,4.584
Hungarian,LEC,3,HARD,12,38,0.07878280997392445,84.26150896953405,6.471
Hungarian,LEC,4,SOFT,13,58,0.1312324945965575,83.26186930198499,4.712
Hungarian,LIN,1,MEDIUM,17,3,0.11862125779414688,84.98374844583344,3.242
Hungarian,LIN,2,HARD,39,25,0.08805207135725672,85.01286121452355,7.58
Hungarian,NOR,3,HARD,12,41,0.15157237767966183,83.31125425299047,999.0
Hungarian,NOR,4,SOFT,13,58,0.058919307783370935,83.7314407305564,999.0
Hungarian,OCO,1,MEDIUM,10,6,0.10848424284830252,85.90720443102478,2.896
Hungarian,OCO,2,HARD,13,19,0.11869196624362274,86.18577626175635,1.956
Hungarian,OCO,3,HARD,26,37,0.046003116502302155,86.32605540237485,13.4295
Hungarian,PER,2,MEDIUM,34,7,0.03727831707562286,87.18833228863491,11.6035
Hungarian,PIA,1,MEDIUM,14,2,0.08401491217897643,83.42298445100477,999.0
Hungarian,PIA,2,HARD,14,19,0.17252480228886613,83.45246260630792,999.0
Hungarian,PIA,3,HARD,18,35,0.04012624879668768,84.41327224019227,5.1745
Hungarian,RUS,1,MEDIUM,10,9,0.0483089192518173,84.31768498502797,6.9405
Hungarian,RUS,2,HARD,22,29,0.08983302235284397,84.08430939506881,14.936
Hungarian,RUS,3,HARD,14,57,0.1145226044866681,83.84902707130679,7.8055
Hungarian,SAI,1,SOFT,11,6,0.05637375333781482,86.35083240305276,1.77
Hungarian,SAI,2,MEDIUM,21,20,0.13656016175016134,86.42509424122458,4.017
Hungarian,STR,2,MEDIUM,21,10,0.05703957653111873,85.66850123535141,6.458
Hungarian,STR,3,SOFT,26,39,0.05282133763916868,85.5953910681457,4.805999999999999
Hungarian,VER,1,MEDIUM,9,5,0.09170557151963585,83.5440223020426,2.377
Hungarian,VER,2,HARD,20,16,0.08428570687940892,83.82229354588324,4.2844999999999995
Hungarian,VER,3,SOFT,25,43,0.03333046605333658,84.11824302656056,7.064
Dutch,ALB,2,HARD,15,10,0.05200327386330022,77.18106451829892,3.3
Dutch,ALB,3,HARD,17,28,0.03552649136974643,78.41341767916259,4.335
Dutch,ALB,4,MEDIUM,11,51,0.5746879416907874,76.45490081636824,16.329
Dutch,ALO,2,SOFT,12,11,0.02420274524397842,77.5126230470772,11.1775
Dutch,ALO,3,HARD,28,38,0.02044263896655724,77.22080143141228,6.6905
Dutch,ANT,2,MEDIUM,15,6,0.10145660981306096,74.56685804906532,999.0
Dutch,ANT,3,HARD,17,23,0.09947229608757083,74.96565960023766,999.0
Dutch,ANT,4,HARD,9,42,0.04111494314639154,75.48460577492109,2.777
Dutch,ANT,5,SOFT,12,58,0.1088888657497364,74.64366832957971,8.1205
Dutch,BOR,3,MEDIUM,8,13,0.18924809726825925,76.22298568532433,2.1390000000000002
Dutch,BOR,4,HARD,14,36,0.0459480486555977,77.17137563731616,4.493
Dutch,BOT,2,HARD,15,7,0.05563879114160954,78.32854514660882,3.44
Dutch,BOT,3,HARD,20,31,0.11170529402358642,78.00607990420491,8.7215
Dutch,COL,4,HARD,17,23,0.0968007640419134,76.94330742727891,5.328
Dutch,COL,5,SOFT,11,47,-0.0002840826329797972,77.19673134496958,9.406
Dutch,GAS,2,MEDIUM,10,8,0.08446494314639647,76.29319310591892,5.558
Dutch,GAS,3,HARD,10,35,0.08691782359927558,75.94579725547065,7.878
Dutch,HAM,3,HARD,22,27,0.06377550190871506,74.9565348770282,7.5765
Dutch,HAM,4,SOFT,8,58,-0.02015410447265214,75.2551538915208,2.357
Dutch,HUL,3,SOFT,21,27,0.022093947475400704,76.8039815792364,25.176
Dutch,HUL,4,HARD,16,50,-0.024335277604157782,77.35839791942998,39.027
Dutch,LAW,2,SOFT,14,7,0.12174259882405111,75.73866412583429,4.992
Dutch,LAW,3,MEDIUM,23,24,0.09081441613717155,75.69179833735303,16.783
Dutch,LAW,4,MEDIUM,19,49,0.04750343542614213,75.92640550864431,27.69
Dutch,LEC,3,MEDIUM,11,23,0.09506404224549272,74.85607664629437,3.217
Dutch,LEC,4,HARD,9,45,0.004181609813058383,74.8896006043603,4.463
Dutch,LEC,5,SOFT,11,58,0.10662251890397181,74.62824204332918,4.559
Dutch,LIN,3,MEDIUM,17,7,0.06349904170004686,77.09239064404386,4.233
Dutch,LIN,4,HARD,26,41,0.009212457068431153,77.34147118133313,11.524000000000001
Dutch,NOR,2,SOFT,10,11,0.11361039769184933,74.4235203786462,1.9495
Dutch,NOR,3,HARD,11,23,0.0622445666236945,75.21096670563792,999.0
Dutch,NOR,4,HARD,16,49,0.09238924340084974,74.24951164921049,999.0
Dutch,OCO,3,HARD,11,18,0.10772368528476015,76.96971739097997,3.162
Dutch,OCO,4,HARD,13,38,0.007389880271564445,77.76557127801746,4.466
Dutch,PER,3,HARD,20,31,0.10572466615910515,77.5524105617602,8.8285
Dutch,PER,4,SOFT,13,56,-0.05755246156830318,79.40744029206098,36.407
Dutch,PIA,2,HARD,12,6,0.047037204218655475,75.38509609386622,4.3845
Dutch,PIA,3,HARD,18,25,0.09222692162199554,75.51582512388705,2.412
Dutch,PIA,4,SOFT,8,46,0.024929228860684275,75.36363738473416,13.911
Dutch,PIA,5,SOFT,13,58,0.08431369837882502,74.59832495828701,15.074
Dutch,RUS,3,HARD,21,19,0.07550173968319163,75.12097117346305,7.099
Dutch,RUS,4,HARD,25,42,0.04505963614854048,75.24205142557699,7.461
Dutch,SAI,2,SOFT,12,9,0.05117556585701769,77.38815295367309,3.4314999999999998
Dutch,SAI,3,HARD,13,32,0.004563971851154491,78.35619335306157,7.128
Dutch,STR,3,HARD,12,17,0.08070933002031391,77.41775482147712,3.8335
Dutch,TSU,2,SOFT,10,8,0.06184070072215144,76.84432126869143,2.3365
Dutch,TSU,3,HARD,18,20,0.08091609767570107,76.67228990314268,6.625
Dutch,TSU,4,SOFT,20,46,0.05046485926784943,76.78386994237476,4.2025
Italian,ALB,2,HARD,27,10,0.01281893549080631,85.59281163204352,4.561
Italian,ANT,3,MEDIUM,17,31,-0.015451701129833819,83.57369986646773,6.289
Italian,BEA,2,HARD,36,8,0.028879912782474572,85.27042664980581,4.103
Italian,BOR,2,MEDIUM,30,10,0.013226589886825917,85.22107666373125,5.6285
Italian,BOT,2,MEDIUM,17,8,0.012363276331002176,86.82073087632408,3.402
Italian,BOT,3,SOFT,23,29,0.13577046094279954,86.93493538258082,9.594
Italian,COL,2,HARD,27,21,-0.011952324089899435,85.30402665813001,5.431
Italian,GAS,2,HARD,27,20,-0.034957827736732616,85.95663356568181,4.874
Italian,HAM,2,MEDIUM,26,10,0.016204901588412736,84.35522828862625,2.482
Italian,HUL,3,MEDIUM,21,29,-0.0157713565834154,85.15240573546681,6.895
Italian,LAW,3,MEDIUM,31,14,0.005809069748758137,84.85834249341293,2.705
Italian,LIN,2,HARD,42,9,0.012107352224573853,84.91092091915068,5.5915
Italian,NOR,2,HARD,12,21,-0.02100488442537926,85.04859945976862,4.354
Italian,OCO,3,MEDIUM,21,29,0.07070236668153525,85.20175602314002,5.54
Italian,PER,2,SOFT,10,13,0.020489108531222898,86.84091609232296,7.311
Italian,PER,3,MEDIUM,24,29,-0.02621100150778854,87.20342027059132,47.348
Italian,PIA,2,HARD,22,12,0.017588586039826465,84.20396747711291,5.3685
Italian,RUS,2,HARD,35,7,0.0071338919602734075,84.1330907656338,999.0
Italian,SAI,3,MEDIUM,22,29,0.014175255974629236,84.96706516964899,3.234
Italian,STR,2,HARD,16,9,0.08991728956999703,86.880582113086,4.8580000000000005
Italian,TSU,2,MEDIUM,40,9,0.023216900247130842,84.89373870505756,3.36
Italian,VER,3,HARD,15,33,0.02935082952086447,83.94609631735904,10.173
Spanish,ALB,1,MEDIUM,10,3,0.03729810165699944,101.60867032846475,6.8245000000000005
Spanish,ALB,2,HARD,40,16,0.019245132288474368,100.50953939302526,8.93
Spanish,ALO,2,SOFT,17,16,0.09576161107777273,99.8682108237045,12.607
Spanish,ALO,3,HARD,17,39,0.12798977028248454,100.24681299892328,35.792
Spanish,ANT,1,MEDIUM,8,4,0.01302443414803573,97.92648351527801,5.3919999999999995
Spanish,ANT,2,HARD,35,21,-0.008502715603141227,98.03735982470884,2.945
Spanish,BEA,1,HARD,11,8,-0.11322013042938868,101.82020125868104,9.096
Spanish,BEA,3,HARD,12,45,0.15501738237627496,99.06873528646213,15.6475
Spanish,BOR,1,HARD,31,16,0.032978788309051245,98.40407095767429,5.602
Spanish,BOR,2,SOFT,8,49,0.3474824173413189,99.40483570174817,12.1785
Spanish,BOT,1,HARD,22,3,0.027957120736920634,102.42737676691925,5.228999999999999
Spanish,BOT,2,HARD,12,31,0.2324684313273215,102.5614371546395,51.614000000000004
Spanish,BOT,3,SOFT,10,45,0.11743090218979761,104.73888330511016,100.785
Spanish,COL,1,MEDIUM,11,2,0.11433021440406561,100.42641809471722,4.989
Spanish,COL,2,HARD,33,16,0.0010124312205597793,98.91742813165934,4.97
Spanish,GAS,1,HARD,40,8,0.014803068368737491,98.68924921145744,11.13
Spanish,HUL,2,HARD,29,16,-0.008826226380206543,99.13735560416664,2.451
Spanish,LAW,1,HARD,31,10,-0.001587486239956478,98.80922415904283,13.373
Spanish,LAW,2,MEDIUM,10,46,0.11757770642054574,98.20196928484195,9.418
Spanish,LEC,1,HARD,41,3,0.003453740748080364,97.85855337341943,999.0
Spanish,LEC,2,SOFT,8,50,0.23595860781750055,97.81808002385138,23.8355
Spanish,LIN,2,HARD,18,30,0.08845444175636759,97.32278800476459,2.3145
Spanish,NOR,1,MEDIUM,10,2,-0.0037828196790058036,97.77243127406548,999.0
Spanish,NOR,2,HARD,20,17,0.003371796983952889,97.25226649579224,4.4955
Spanish,OCO,2,HARD,41,16,0.008784507933646516,99.30744502356151,7.026
Spanish,PER,2,HARD,15,16,0.5240859887698831,99.99798497710393,4.77
Spanish,PIA,1,HARD,19,16,-0.01447723178149621,98.5795787533732,8.688
Spanish,PIA,2,MEDIUM,9,47,-0.014333225116786901,98.97906188319797,2.343
Spanish,RUS,1,HARD,8,6,-0.0987794874205949,98.63159065813511,1.9255
Spanish,RUS,2,MEDIUM,12,16,0.11486003971892701,97.57222187354087,3.1020000000000003
Spanish,RUS,3,HARD,21,30,-0.059841963488538576,97.99855604330436,30.046
Spanish,SAI,1,HARD,16,3,-0.10206304194343781,102.44701155495807,2.9915
Spanish,TSU,1,HARD,20,16,-0.030227357094781863,100.36736246264644,10.102
Spanish,TSU,2,MEDIUM,19,38,-0.0001368809043048202,99.71646858467793,42.16
Spanish,VER,1,SOFT,10,2,-0.00658003096307575,98.29439576933932,5.6785
Spanish,VER,2,HARD,39,16,0.006590877065839086,97.64504331662602,5.182
Azerbaijan,ANT,1,MEDIUM,15,12,-0.0009979233179324058,107.11831732730299,3.874
Azerbaijan,ANT,3,SOFT,8,42,-0.12857430973285477,108.07406582601705,3.2055
Azerbaijan,BEA,1,SOFT,21,6,0.021859218137500726,107.76906269410301,4.629
Azerbaijan,BOT,1,MEDIUM,21,3,0.060245707238986354,110.17615749928109,20.457
Azerbaijan,BOT,3,SOFT,9,41,-0.04081716687570722,110.86494560463098,17.976
Azerbaijan,COL,1,MEDIUM,21,4,0.04504381964332614,107.3950169775448,3.558
Azerbaijan,GAS,1,MEDIUM,22,7,0.012551708833000448,107.29680878680023,2.734
Azerbaijan,HAD,3,MEDIUM,9,41,-0.007333833542372393,106.68673199247456,5.753
Azerbaijan,HAM,1,SOFT,16,7,-0.00572339928423055,107.44169904700469,5.6884999999999994
Azerbaijan,HAM,3,MEDIUM,8,41,-0.08372468567269642,108.13337748119632,2.8545
Azerbaijan,HUL,1,MEDIUM,17,10,0.051991166457627344,107.97667642052343,4.018
Azerbaijan,LAW,1,SOFT,21,3,2.436414675213379e-05,108.14686661283974,3.474
Azerbaijan,LEC,1,SOFT,23,6,0.018322348687760157,106.73594909576124,3.216
Azerbaijan,LIN,1,MEDIUM,24,4,0.010369409700871636,108.24354407553133,2.9450000000000003
Azerbaijan,NOR,1,MEDIUM,15,11,0.04064554145762751,106.7379539572881,2.523
Azerbaijan,OCO,3,MEDIUM,9,41,0.04174949979096264,107.67567693712809,3.923
Azerbaijan,PER,1,MEDIUM,11,16,0.02955776359708008,108.56438357364692,5.538
Azerbaijan,PIA,1,SOFT,27,2,-0.002335418305386015,106.92389415011309,7.669
Azerbaijan,RUS,1,MEDIUM,27,2,0.004583744241865815,106.49500232315884,999.0
Azerbaijan,RUS,3,SOFT,10,39,-0.05959811925665297,106.52318199247456,999.0
Azerbaijan,SAI,1,MEDIUM,10,5,-0.040761098781251774,109.1160857746275,2.205
