round,race,race_laps,driver,stint,compound,clean_laps,start_lap,race_fraction,deg_old,deg_per_lap,pace_at_age5
1,Australian,58,ALB,1,MEDIUM,9,2,0.034482758620689655,-0.2718586206896557,-0.26531201602308685,85.01459547544012
1,Australian,58,ALB,2,HARD,17,14,0.2413793103448276,0.07523195381662551,0.08177855848319299,84.23633962347826
1,Australian,58,ALB,3,SOFT,23,35,0.603448275862069,0.05338070737358317,0.05992731204015078,84.46278528835587
1,Australian,58,ALO,1,SOFT,9,2,0.034482758620689655,-0.0577586206896608,-0.0512120160230888,85.91371769766236
1,Australian,58,ANT,1,MEDIUM,9,2,0.034482758620689655,-0.3153086206896594,-0.3087620160230924,83.07693436432899
1,Australian,58,ANT,2,HARD,40,15,0.25862068965517243,0.023608272352876675,0.030154877019444914,81.8613868353446
1,Australian,58,BEA,1,MEDIUM,13,2,0.034482758620689655,-0.09065652005457839,-0.08410991538801171,84.21169321739309
1,Australian,58,BEA,2,HARD,36,20,0.3448275862068966,0.05116274918684005,0.05770935385340763,83.3692253511954
1,Australian,58,BOR,1,MEDIUM,13,2,0.034482758620689655,-0.09011084345467593,-0.08356423878810706,84.44639863996271
1,Australian,58,BOR,2,HARD,13,20,0.3448275862068966,-0.020895983327018627,-0.01434937866045085,83.51399725784262
1,Australian,58,BOR,3,HARD,23,35,0.603448275862069,0.08557339512061961,0.0921199997871876,83.53672204724914
1,Australian,58,BOT,1,HARD,9,2,0.034482758620689655,-0.2336086206896553,-0.2270620160230916,86.45545658655124
1,Australian,58,COL,2,HARD,28,14,0.2413793103448276,0.054587041517963536,0.06113364618453058,83.5209099269252
1,Australian,58,COL,3,SOFT,9,48,0.8275862068965517,0.14990804597700688,0.15645465064357375,84.33063162726697
1,Australian,58,GAS,1,MEDIUM,9,2,0.034482758620689655,-0.11374195402299014,-0.10719534935642498,84.2908121421068
1,Australian,58,GAS,2,HARD,40,14,0.2413793103448276,0.042738822101487585,0.049285426768055814,83.70063503855171
1,Australian,58,HAD,1,MEDIUM,9,2,0.034482758620689655,-0.019675287356324407,-0.013128682689758824,83.61352325321792
1,Australian,58,HAM,1,MEDIUM,20,2,0.034482758620689655,-0.01298386312810213,-0.006437258461533808,82.72437836395247
1,Australian,58,HAM,2,HARD,28,30,0.5172413793103449,0.014680756395996458,0.021227361062562986,82.41637054576536
1,Australian,58,LAW,1,MEDIUM,9,2,0.034482758620689655,-0.22475862068965294,-0.21821201602308926,85.15171769766235
1,Australian,58,LAW,2,HARD,17,14,0.2413793103448276,-0.03517973828391011,-0.02863313361734252,84.83530792316381
1,Australian,58,LAW,3,SOFT,23,35,0.603448275862069,0.06879770342101439,0.07534430808758305,83.89940584171553
1,Australian,58,LEC,1,MEDIUM,17,2,0.034482758620689655,-0.05100902133068287,-0.044462416664115004,82.99508975962819
1,Australian,58,LEC,2,HARD,31,27,0.46551724137931033,0.034471538812386494,0.04101814347895515,82.25708651405547
1,Australian,58,LIN,1,MEDIUM,12,2,0.034482758620689655,-0.03220287156073595,-0.025656266894168753,83.93874479793332
1,Australian,58,LIN,2,HARD,36,20,0.3448275862068966,0.06108463571934099,0.0676312403859074,83.44123558590483
1,Australian,58,NOR,1,MEDIUM,9,2,0.034482758620689655,-0.18907528735631968,-0.1825286826897526,84.05014547544012
1,Australian,58,NOR,2,HARD,17,14,0.2413793103448276,0.05123769991496,0.057784304581528646,82.33087355508644
1,Australian,58,NOR,3,MEDIUM,23,36,0.6206896551724138,0.00040936350006847154,0.006955968166634143,82.92847445810352
1,Australian,58,OCO,1,MEDIUM,9,2,0.034482758620689655,-0.17429195402298975,-0.16774534935642355,84.21102880877348
1,Australian,58,OCO,2,HARD,40,14,0.2413793103448276,0.03459078983893779,0.041137394505505166,83.93238729832085
1,Australian,58,PER,1,MEDIUM,13,2,0.034482758620689655,0.11466492596398235,0.1212115306305513,85.77566292916644
1,Australian,58,PER,2,HARD,21,20,0.3448275862068966,0.05621625867452307,0.06276286334109049,86.81555910313136
1,Australian,58,PER,3,SOFT,11,45,0.7758620689655172,0.23145047021943485,0.23799707488600258,86.5154959581645
1,Australian,58,RUS,1,MEDIUM,10,2,0.034482758620689655,-0.06433437826541318,-0.05778777359884292,83.03550355624819
1,Australian,58,RUS,2,HARD,40,15,0.25862068965517243,0.03790286190128756,0.04444946656785524,81.63078727852155
1,Australian,58,SAI,1,SOFT,9,2,0.034482758620689655,-0.2842919540229908,-0.27774534935642375,85.1394732532179
1,Australian,58,SAI,2,HARD,17,14,0.2413793103448276,0.18560067015414858,0.19214727482071833,83.40419661257135
1,Australian,58,SAI,3,MEDIUM,10,35,0.603448275862069,0.08245350052246732,0.0890001051890364,85.28432520930448
1,Australian,58,SAI,4,SOFT,10,47,0.8103448275862069,-0.5453464994775294,-0.5387998948109654,86.60598101702745
1,Australian,58,STR,1,MEDIUM,9,2,0.034482758620689655,-0.08322528735632354,-0.07667868268975649,86.30562880877343
1,Australian,58,STR,2,HARD,9,14,0.2413793103448276,0.13703683385579704,0.14358343852236466,85.74231481433767
1,Australian,58,VER,1,HARD,12,2,0.034482758620689655,-0.10580391685690052,-0.09925731219033189,83.90109845646991
1,Australian,58,VER,2,MEDIUM,20,20,0.3448275862068966,0.07289167139743856,0.07943827606400708,82.30190164527673
1,Australian,58,VER,3,HARD,16,43,0.7413793103448276,0.10959137931034696,0.11613798397691404,82.39367226293795
2,Chinese,56,ALO,1,HARD,22,2,0.03571428571428571,-0.0420312727792461,-0.021415558613554164,99.78799319242499
2,Chinese,56,ANT,1,MEDIUM,8,2,0.03571428571428571,-0.08532142857143012,-0.06470571440573593,95.76150714225707
2,Chinese,56,ANT,2,HARD,39,14,0.25,-0.0014937466934057287,0.01912196747228583,95.76850863102321
2,Chinese,56,BEA,1,MEDIUM,8,2,0.03571428571428571,-0.10240476190475979,-0.08178904773907085,97.7831738089237
2,Chinese,56,BEA,2,HARD,39,14,0.25,-0.007754981729148535,0.012860732436544455,97.20622281584797
2,Chinese,56,BOT,1,MEDIUM,8,2,0.03571428571428571,-0.030761904761907558,-0.010146190596211671,99.35685238035231
2,Chinese,56,BOT,2,HARD,37,14,0.25,0.013442510446109742,0.03405822461180272,98.93935583942475
2,Chinese,56,COL,1,HARD,23,2,0.03571428571428571,0.01366545643832635,0.034281170604019064,97.26669478876123
2,Chinese,56,COL,2,MEDIUM,21,34,0.6071428571428571,0.1277416670781689,0.1483573812438597,96.96113686336821
2,Chinese,56,GAS,1,MEDIUM,8,2,0.03571428571428571,-0.021642857142853907,-0.0010271429771637846,96.79104285654277
2,Chinese,56,GAS,2,HARD,38,14,0.25,-0.03084339882975181,-0.010227684664059837,97.74498887956511
2,Chinese,56,HAD,3,HARD,38,14,0.25,-0.0002280796954244174,0.02038763447026869,97.66586537805718
2,Chinese,56,HAM,1,MEDIUM,8,2,0.03571428571428571,-0.09634523809523839,-0.07572952392954925,96.51601904701899
2,Chinese,56,HAM,2,HARD,39,14,0.25,0.0030751448749342207,0.023690859040626466,96.29709102702707
2,Chinese,56,HUL,1,HARD,24,2,0.03571428571428571,-0.021286757020546675,-0.0006710428548546018,97.9195084889169
2,Chinese,56,HUL,2,MEDIUM,18,37,0.6607142857142857,0.10371177944861991,0.12432749361431335,97.14713483229183
2,Chinese,56,LAW,2,HARD,37,14,0.25,-0.019047848007699302,0.0015678661579929143,97.95859927685134
2,Chinese,56,LEC,1,MEDIUM,8,2,0.03571428571428571,-0.06876190476190716,-0.04814619059621318,96.3718523803523
2,Chinese,56,LEC,2,HARD,39,14,0.25,0.007445479040810705,0.02806119320650356,96.2960955572139
2,Chinese,56,LIN,1,HARD,32,2,0.03571428571428571,-0.0017570510062297953,0.018858663159464113,97.93933009130778
2,Chinese,56,LIN,2,MEDIUM,11,44,0.7857142857142857,0.17322963951935955,0.19384535368505093,96.89975432012663
2,Chinese,56,OCO,1,HARD,20,2,0.03571428571428571,0.014191377461380146,0.03480709162707406,97.39012018900898
2,Chinese,56,OCO,2,MEDIUM,14,31,0.5535714285714286,0.13588087850090705,0.15649659266659705,97.54494310694079
2,Chinese,56,PER,1,MEDIUM,8,2,0.03571428571428571,0.08536904761905303,0.10598476178474366,99.1826619041618
2,Chinese,56,PER,2,HARD,37,14,0.25,0.04166148968432731,0.06227720385002042,98.9222390570329
2,Chinese,56,RUS,1,MEDIUM,8,2,0.03571428571428571,-0.07107142857142659,-0.05045571440573428,95.69575714225705
2,Chinese,56,RUS,2,HARD,39,14,0.25,-0.020417775631482595,0.0001979385342104532,96.32317875418227
2,Chinese,56,SAI,2,HARD,37,14,0.25,0.007876925619540833,0.02849263978523333,98.04049811492186
2,Chinese,56,STR,1,HARD,8,2,0.03571428571428571,-0.10980952380952357,-0.08919380964383226,99.51737618987612
2,Chinese,56,VER,2,HARD,27,14,0.25,-0.031811006199377184,-0.01119529203368607,97.59393610119349
3,Japanese,53,ALB,1,MEDIUM,19,2,0.03773584905660377,-0.005999668983782954,0.014793680028022727,95.55763506680678
3,Japanese,53,ALB,2,HARD,17,28,0.5283018867924528,-0.04719136145024369,-0.026398012438437667,95.86619484063283
3,Japanese,53,ALO,1,MEDIUM,19,2,0.03773584905660377,0.03130559417411305,0.05209894318591882,96.67422454049097
3,Japanese,53,ALO,3,MEDIUM,25,28,0.5283018867924528,0.03144779390421047,0.05224114291601232,97.08618892472519
3,Japanese,53,ANT,1,MEDIUM,20,2,0.03773584905660377,-0.003974606327136545,0.01681874268466654,93.4464809314684
3,Japanese,53,ANT,2,HARD,26,28,0.5283018867924528,0.04071813578455315,0.061511484796355015,92.50571470488617
3,Japanese,53,BEA,1,MEDIUM,14,2,0.03773584905660377,0.03515471698112925,0.055948065992934996,95.0363403299647
3,Japanese,53,BOR,1,MEDIUM,19,2,0.03773584905660377,0.0009617345249906354,0.021755083536795564,95.18755085628042
3,Japanese,53,BOR,2,HARD,26,28,0.5283018867924528,-0.010278787292371768,0.010514561719434564,95.29825008950152
3,Japanese,53,BOT,1,HARD,17,2,0.03773584905660377,0.12430618756936518,0.1450995365811712,96.72345356525878
3,Japanese,53,BOT,2,MEDIUM,25,28,0.5283018867924528,0.09791702467344128,0.11871037368524362,95.9249566607535
3,Japanese,53,COL,1,MEDIUM,15,2,0.03773584905660377,0.03991185983827438,0.060705208850080204,94.95177842520275
3,Japanese,53,COL,2,HARD,28,19,0.3584905660377358,-0.0088180262265806,0.011975322785222736,95.36093694351855
3,Japanese,53,GAS,1,MEDIUM,20,2,0.03773584905660377,0.03986298765782609,0.0606563366696272,93.94993657056615
3,Japanese,53,GAS,2,HARD,26,28,0.5283018867924528,0.02635129817771482,0.047144647189518475,93.8109362433477
3,Japanese,53,HAD,1,MEDIUM,17,2,0.03773584905660377,0.030693442471328262,0.05148679148312996,95.03939964369015
3,Japanese,53,HAD,2,HARD,26,28,0.5283018867924528,0.0023547169811335865,0.02314806599293564,94.88375358383045
3,Japanese,53,HAM,1,MEDIUM,20,2,0.03773584905660377,0.009526897432263037,0.03032024644406406,93.64777115703234
3,Japanese,53,HAM,2,HARD,26,28,0.5283018867924528,0.06660155458797162,0.08739490359977506,93.05355778180923
3,Japanese,53,HUL,1,MEDIUM,19,2,0.03773584905660377,-0.04868563389606381,-0.027892284884259943,95.34285611943837
3,Japanese,53,HUL,2,HARD,26,28,0.5283018867924528,-0.03507605224963806,-0.01428270323783606,95.31134584780219
3,Japanese,53,LAW,1,MEDIUM,18,2,0.03773584905660377,0.03346925756989009,0.054262606581694545,94.92940550986357
3,Japanese,53,LAW,2,HARD,26,28,0.5283018867924528,0.014440528946946312,0.035233877958748175,94.64261624334772
3,Japanese,53,LEC,1,MEDIUM,15,2,0.03773584905660377,0.04443685983827477,0.06523020885007766,93.50694509186945
3,Japanese,53,LEC,2,HARD,29,19,0.3584905660377358,0.004329148874819263,0.025122497886623605,93.38223486048247
3,Japanese,53,LIN,1,MEDIUM,16,2,0.03773584905660377,0.06951059933407654,0.09030394834587802,94.80771385937638
3,Japanese,53,LIN,2,HARD,27,20,0.37735849056603776,-0.00597031971502463,0.01482302929677833,95.1156320580843
3,Japanese,53,NOR,1,MEDIUM,14,2,0.03773584905660377,0.04124482687124376,0.062038175883040295,93.53738208820646
3,Japanese,53,NOR,2,HARD,30,18,0.33962264150943394,0.022005459563648716,0.042798808575452874,93.31535531805693
3,Japanese,53,OCO,1,MEDIUM,17,2,0.03773584905660377,0.07973265815759956,0.10052600716940745,94.46643885937642
3,Japanese,53,OCO,2,HARD,26,28,0.5283018867924528,0.018315400741815785,0.03910874975362025,94.47228691716381
3,Japanese,53,PER,1,MEDIUM,19,2,0.03773584905660377,0.06092313803376272,0.08171648704556583,96.1122034878594
3,Japanese,53,PER,2,HARD,26,28,0.5283018867924528,0.01212258022899451,0.03291592924079864,96.09391569872231
3,Japanese,53,PIA,1,MEDIUM,16,2,0.03773584905660377,0.030063540510549554,0.05085688952235066,93.27697562408227
3,Japanese,53,PIA,2,HARD,28,20,0.37735849056603776,0.012170363636140194,0.03296371264794318,93.27499691088208
3,Japanese,53,RUS,1,MEDIUM,19,2,0.03773584905660377,0.050779278384639116,0.07157262739644374,93.08080348785941
3,Japanese,53,RUS,2,HARD,26,28,0.5283018867924528,0.001468905015320046,0.022262254027123108,93.5659324508591
3,Japanese,53,SAI,1,MEDIUM,19,2,0.03773584905660377,-0.009261072492553727,0.011532276519250982,95.50899296154358
3,Japanese,53,SAI,2,HARD,26,28,0.5283018867924528,-0.0030709240445067577,0.01772242496729678,95.33359778180923
3,Japanese,53,STR,1,MEDIUM,19,2,0.03773584905660377,0.04849331347235917,0.06928666248416177,96.48378243522782
3,Japanese,53,VER,1,MEDIUM,20,2,0.03773584905660377,0.0021043410412836354,0.022897690053086346,94.2859177735737
3,Japanese,53,VER,2,HARD,26,28,0.5283018867924528,0.01953181099822889,0.04032516001003115,93.9118070125785
4,Miami,57,ALB,1,MEDIUM,17,2,0.03508771929824561,0.04654845047150761,0.011556857268601216,92.84215296934453
4,Miami,57,ALB,2,HARD,27,29,0.5087719298245614,0.04560638325005134,0.010614790047143349,92.09748352259416
4,Miami,57,ALO,1,MEDIUM,31,2,0.03508771929824561,0.03906057234850923,0.004068979145602705,94.29656925189607
4,Miami,57,ALO,2,SOFT,12,43,0.7543859649122807,0.05410773323199593,0.019116140029085467,93.41000128610348
4,Miami,57,ANT,1,MEDIUM,16,2,0.03508771929824561,0.0260314318603328,-0.00896016134257532,91.09442124675004
4,Miami,57,ANT,2,HARD,28,28,0.49122807017543857,0.038111777490180715,0.0031201842872726955,90.29340651439664
4,Miami,57,BEA,1,MEDIUM,16,2,0.03508771929824561,0.023790848628255534,-0.011200744574653409,93.2802575164949
4,Miami,57,BEA,2,HARD,27,28,0.49122807017543857,0.07816504334761383,0.04317345014470578,91.9309180006473
4,Miami,57,BOR,1,MEDIUM,22,2,0.03508771929824561,-0.027423900432443048,-0.062415493635349616,94.32647263202365
4,Miami,57,BOR,2,HARD,21,34,0.5964912280701754,0.06512298475628993,0.030131391553382025,91.8907792467123
4,Miami,57,BOT,2,SOFT,8,12,0.21052631578947367,0.16786925913510056,0.13287766593219336,93.92156515327956
4,Miami,57,BOT,4,MEDIUM,22,32,0.5614035087719298,0.06811921397787374,0.03312762077496613,96.0723223939598
4,Miami,57,COL,1,MEDIUM,21,2,0.03508771929824561,0.03351125321609741,-0.0014803399868106909,92.26537570870384
4,Miami,57,COL,2,HARD,23,33,0.5789473684210527,0.044460643901977494,0.009469050699071129,91.44226160711479
4,Miami,57,HAM,1,MEDIUM,17,2,0.03508771929824561,0.06273572714327791,0.027744133940372805,91.6380856518356
4,Miami,57,HAM,2,HARD,27,29,0.5087719298245614,0.09032572258696629,0.05533412938405754,90.89487555910024
4,Miami,57,LEC,1,MEDIUM,11,2,0.03508771929824561,0.05818241096621342,0.023190817763304207,91.52718942017992
4,Miami,57,LEC,2,HARD,33,23,0.40350877192982454,0.026683889358780827,-0.00830770384412448,91.07906174523164
4,Miami,57,LIN,1,MEDIUM,17,2,0.03508771929824561,0.027822480184622144,-0.007169113018286975,94.03444587200683
4,Miami,57,LIN,2,HARD,25,30,0.5263157894736842,0.06464393209130007,0.029652338888393196,92.61458124037107
4,Miami,57,NOR,1,MEDIUM,17,2,0.03508771929824561,0.03610115593347866,0.0011095627305715674,90.93228990145273
4,Miami,57,NOR,2,HARD,27,29,0.5087719298245614,0.04282347328037175,0.00783188007746541,90.32700471757143
4,Miami,57,OCO,1,MEDIUM,21,2,0.03508771929824561,0.01769991007418958,-0.0172916831287176,93.52208311259561
4,Miami,57,OCO,2,HARD,22,33,0.5789473684210527,0.07003573516463449,0.03504414196172826,92.2258589569295
4,Miami,57,PER,1,MEDIUM,19,2,0.03508771929824561,0.028622911445280334,-0.006368681757627006,94.52830341660874
4,Miami,57,PER,2,HARD,24,31,0.543859649122807,0.05255591480284019,0.01756432159993372,93.92131138024953
4,Miami,57,PIA,1,MEDIUM,18,2,0.03508771929824561,0.042779354303364395,0.007787761100458162,91.62517167629761
4,Miami,57,PIA,2,HARD,26,30,0.5263157894736842,0.017685016707541357,-0.017306576495367033,90.86624522602871
4,Miami,57,RUS,1,MEDIUM,10,2,0.03508771929824561,0.0638270921803256,0.02883549897741722,91.52166893742992
4,Miami,57,RUS,2,HARD,34,22,0.38596491228070173,0.04015780993670999,0.005166216733801839,91.32843579288641
4,Miami,57,SAI,1,MEDIUM,18,2,0.03508771929824561,0.03048930516994833,-0.00450228803295769,92.90119170761338
4,Miami,57,SAI,2,HARD,26,30,0.5263157894736842,0.05792973042661552,0.022938137223709167,91.71568861120046
4,Miami,57,STR,1,MEDIUM,11,2,0.03508771929824561,0.04178087339498005,0.006789280192072093,94.54082941511524
4,Miami,57,STR,2,SOFT,14,23,0.40350877192982454,0.06861561596298553,0.033624022760078476,93.71637230370153
4,Miami,57,STR,3,SOFT,16,39,0.6842105263157895,-0.0019459711224940987,-0.03693756432539901,93.32736566116485
4,Miami,57,VER,2,HARD,43,12,0.21052631578947367,0.051991222299056554,0.01699962909614945,91.34042736936256
5,Canadian,68,ALB,1,SOFT,10,2,0.029411764705882353,-0.7309262032085533,-0.7278243695618348,78.90736906128171
5,Canadian,68,ALO,1,SOFT,14,2,0.029411764705882353,-0.028945878059251605,-0.02584404441253166,79.0913367122439
5,Canadian,68,ANT,1,SOFT,25,2,0.029411764705882353,-0.04461816682559223,-0.04151633317887366,75.57354585124847
5,Canadian,68,ANT,2,MEDIUM,31,33,0.4852941176470588,-0.02568955405572325,-0.02258772040900465,75.21076021182911
5,Canadian,68,BEA,1,SOFT,23,2,0.029411764705882353,-0.1327793214765424,-0.1296774878298235,78.9833618052563
5,Canadian,68,BEA,2,MEDIUM,31,32,0.47058823529411764,-0.02152302879486693,-0.018421195148146687,76.84276374173518
5,Canadian,68,BOR,2,SOFT,12,4,0.058823529411764705,-0.1647414196919204,-0.16163958604520218,77.30925184102206
5,Canadian,68,BOR,3,MEDIUM,37,20,0.29411764705882354,0.0077847141812294055,0.01088654782794799,76.46629240759624
5,Canadian,68,BOT,3,MEDIUM,13,14,0.20588235294117646,0.078857670706472,0.08195950435319171,78.28680994536678
5,Canadian,68,BOT,4,SOFT,16,31,0.45588235294117646,0.11110541681461039,0.11420725046133111,78.46235972829426
5,Canadian,68,BOT,5,MEDIUM,13,51,0.75,-0.29679419729976647,-0.2936923636530464,80.32977079198352
5,Canadian,68,COL,1,MEDIUM,24,2,0.029411764705882353,-0.1001421714410667,-0.09704033779434776,77.41033938909514
5,Canadian,68,COL,2,HARD,29,33,0.4852941176470588,-0.0028777205805382905,0.00022411306618029303,76.33552431950626
5,Canadian,68,GAS,1,MEDIUM,23,2,0.029411764705882353,-0.14631527042096612,-0.14321343677424792,78.38218637063116
5,Canadian,68,GAS,2,HARD,29,33,0.4852941176470588,-0.00959511284876382,-0.0064932792020450806,76.4372434058636
5,Canadian,68,HAD,1,SOFT,25,2,0.029411764705882353,-0.05535485740934777,-0.052253023762627214,76.17752259852456
5,Canadian,68,HAD,2,MEDIUM,17,33,0.4852941176470588,-0.051482886670611495,-0.04838105302389217,75.65059302629929
5,Canadian,68,HAM,1,SOFT,25,2,0.029411764705882353,-0.039177959544168285,-0.03607612589744853,75.9018379156247
5,Canadian,68,HAM,2,MEDIUM,30,33,0.4852941176470588,-0.0045593722805965945,-0.0014575386338773965,74.93946214859305
5,Canadian,68,HUL,2,SOFT,12,4,0.058823529411764705,-0.18034793230109764,-0.17724609865437838,78.40737045814505
5,Canadian,68,HUL,3,MEDIUM,36,22,0.3235294117647059,0.020081722994180436,0.023183556640900195,76.11198029486104
5,Canadian,68,LAW,1,MEDIUM,23,2,0.029411764705882353,-0.09078026395823426,-0.08767843031151706,77.69415782690004
5,Canadian,68,LAW,2,SOFT,29,33,0.4852941176470588,-0.00923438777323504,-0.006132554126516068,76.50962563317896
5,Canadian,68,LEC,1,SOFT,25,2,0.029411764705882353,-0.058587296066446005,-0.05548546241972771,76.05657760782566
5,Canadian,68,LEC,2,MEDIUM,31,33,0.4852941176470588,0.04719771862324164,0.05029955226996063,75.00126459293689
5,Canadian,68,NOR,2,MEDIUM,8,4,0.058823529411764705,-0.4004614845938346,-0.3973596509471181,76.73605387194164
5,Canadian,68,NOR,3,MEDIUM,17,17,0.25,-0.02164010060953123,-0.018538266962810194,75.72645152155724
5,Canadian,68,OCO,1,SOFT,11,2,0.029411764705882353,-0.3594518585348206,-0.3563500248881028,79.79518852586621
5,Canadian,68,OCO,2,MEDIUM,10,19,0.27941176470588236,-0.0031625668449189945,-6.073319820181587e-05,77.31201551192869
5,Canadian,68,OCO,3,SOFT,30,32,0.47058823529411764,-0.027445798230704307,-0.024343964583984887,77.80249699151162
5,Canadian,68,PER,2,SOFT,9,4,0.058823529411764705,-0.15844060138021912,-0.15533876773349886,77.59998337446885
5,Canadian,68,PER,3,MEDIUM,11,17,0.25,-0.08274807607253519,-0.07964624242581551,77.36982251990474
5,Canadian,68,PIA,2,MEDIUM,9,3,0.04411764705882353,-0.4874852941176509,-0.4843834604709289,77.19944923717443
5,Canadian,68,PIA,3,MEDIUM,30,14,0.20588235294117646,-0.0075448074648945184,-0.004442973818174847,76.20302196213673
5,Canadian,68,PIA,4,SOFT,13,53,0.7794117647058824,0.007640129037392767,0.010741962684112916,76.48061455788142
5,Canadian,68,RUS,1,SOFT,25,2,0.029411764705882353,-0.040068273123758574,-0.036966439477040716,75.44011495522078
5,Canadian,68,SAI,2,MEDIUM,21,4,0.058823529411764705,-0.04318864150826415,-0.04008680786154479,76.70389624381308
5,Canadian,68,SAI,3,MEDIUM,31,32,0.47058823529411764,-0.011397598479360536,-0.00829576483264075,76.81787846296173
5,Canadian,68,STR,1,SOFT,10,2,0.029411764705882353,-0.4111504456327953,-0.40804861198607983,80.78340542491809
5,Canadian,68,STR,2,SOFT,25,16,0.23529411764705882,0.026541446909093956,0.02964328055581368,79.16184699093505
5,Canadian,68,STR,3,MEDIUM,12,52,0.7647058823529411,0.15507239819004437,0.15817423183676227,79.70581236533913
5,Canadian,68,VER,1,SOFT,25,2,0.029411764705882353,-0.04650159316982173,-0.043399759523104174,75.8221329612898
5,Canadian,68,VER,2,MEDIUM,30,33,0.4852941176470588,-0.017479829335133836,-0.01437799568841557,75.33371673017841
6,Monaco,78,ALB,1,MEDIUM,41,2,0.02564102564102564,0.04773952023586366,0.03726420326549164,76.9369652671985
6,Monaco,78,ALB,2,SOFT,13,45,0.5769230769230769,-0.34731318681318846,-0.35778850378355903,80.208893576631
6,Monaco,78,ALO,2,SOFT,53,5,0.0641025641025641,0.04562465731333721,0.035149340342965386,77.25921641279375
6,Monaco,78,ANT,1,MEDIUM,35,2,0.02564102564102564,0.017691747468218604,0.007216430497846799,74.91192136817548
6,Monaco,78,ANT,2,HARD,21,39,0.5,-0.030381718281718394,-0.04085703525208972,75.14682226832996
6,Monaco,78,BEA,2,HARD,25,3,0.038461538461538464,-0.11245307692307688,-0.12292839389344833,79.63073040587008
6,Monaco,78,BOR,2,HARD,40,3,0.038461538461538464,-0.02514943714821835,-0.03562475411858921,78.7851657342003
6,Monaco,78,BOR,3,MEDIUM,12,45,0.5769230769230769,0.588972027972026,0.5784967110016564,76.85604958728696
6,Monaco,78,BOT,2,MEDIUM,13,3,0.038461538461538464,0.03122527472527561,0.0207499577549046,79.53585688938655
6,Monaco,78,COL,1,MEDIUM,33,2,0.02564102564102564,0.022323992184285307,0.011848675213914037,77.3304185097594
6,Monaco,78,COL,2,HARD,21,37,0.47435897435897434,0.11839230769230713,0.10791699072193568,78.32406534316314
6,Monaco,78,GAS,1,MEDIUM,43,2,0.02564102564102564,0.02338499872220843,0.01290968175183726,76.63682581739701
6,Monaco,78,GAS,2,HARD,12,47,0.6025641025641025,-0.156055944055948,-0.16653126102631632,77.35938683213413
6,Monaco,78,HAD,1,MEDIUM,30,2,0.02564102564102564,0.08232122871566618,0.07184591174529462,75.71655236184105
6,Monaco,78,HAD,2,HARD,25,34,0.4358974358974359,0.014789999999999684,0.004314683029629174,76.47954942594242
6,Monaco,78,HAM,1,MEDIUM,26,2,0.02564102564102564,0.045599316239316415,0.03512399926894423,75.0151991416439
6,Monaco,78,HAM,2,HARD,30,30,0.38461538461538464,0.010395978437581176,-7.933853279123667e-05,75.57156848025325
6,Monaco,78,HUL,1,MEDIUM,10,2,0.02564102564102564,-0.17238041958041864,-0.18285573655079043,78.07239404451877
6,Monaco,78,HUL,2,HARD,44,14,0.1794871794871795,0.11689533799533883,0.10642002102496824,76.20022823621231
6,Monaco,78,LAW,1,MEDIUM,42,2,0.02564102564102564,0.026173954236347642,0.01569863726597732,77.01932280575564
6,Monaco,78,LAW,2,SOFT,12,46,0.5897435897435898,-0.02668881118881502,-0.037164128159185114,76.77015852188107
6,Monaco,78,LEC,1,MEDIUM,33,2,0.02564102564102564,0.024290569724392946,0.013815252754021916,75.3447317896168
6,Monaco,78,LEC,2,HARD,23,37,0.47435897435897434,-0.009951961082397287,-0.020427278052768543,75.40061638777074
6,Monaco,78,LIN,1,MEDIUM,56,2,0.02564102564102564,0.05361626531363339,0.043140948343261126,77.1864301347443
6,Monaco,78,NOR,1,MEDIUM,42,2,0.02564102564102564,0.032862715276782736,0.022387398306410188,76.55179329707187
6,Monaco,78,OCO,2,HARD,47,11,0.14102564102564102,0.12628967124457507,0.11581435427420313,75.81636719480645
6,Monaco,78,PER,3,MEDIUM,46,11,0.14102564102564102,0.07324654759363479,0.06277123062326281,76.93896099543663
6,Monaco,78,PIA,1,MEDIUM,46,2,0.02564102564102564,0.040873374605658624,0.03039805763528684,76.1902932792341
6,Monaco,78,PIA,2,HARD,9,50,0.6410256410256411,-0.10470769230769432,-0.11518300927806668,75.93990050826264
6,Monaco,78,RUS,1,MEDIUM,29,2,0.02564102564102564,0.07948836680560907,0.06901304983523789,75.74994899301855
6,Monaco,78,RUS,2,HARD,26,33,0.4230769230769231,-0.0314451282051274,-0.041920445175498616,76.51365576855382
6,Monaco,78,SAI,1,MEDIUM,50,2,0.02564102564102564,0.043687409733123884,0.03321209276275179,77.26595025973214
6,Monaco,78,STR,2,SOFT,51,6,0.07692307692307693,0.04548271493212686,0.03500739796175527,77.33013258467238
7,Barcelona,66,ALB,1,MEDIUM,11,2,0.030303030303030304,0.18894545454545644,0.21532518256965233,83.8303713673937
7,Barcelona,66,ALB,2,HARD,14,15,0.22727272727272727,0.2253558441558425,0.25173557218004133,84.05644029924073
7,Barcelona,66,ALB,4,SOFT,14,36,0.5454545454545454,0.1456349650349617,0.1720146930591611,83.65749610623034
7,Barcelona,66,ALO,1,HARD,19,2,0.030303030303030304,0.13944306220095531,0.16582279022514881,84.64134553007314
7,Barcelona,66,ALO,2,HARD,15,23,0.3484848484848485,0.08697370129870723,0.11335342932290286,85.11479630525244
7,Barcelona,66,ANT,1,MEDIUM,12,2,0.030303030303030304,0.19590559440559166,0.22228532242978727,80.78367253289485
7,Barcelona,66,ANT,2,HARD,21,16,0.24242424242424243,0.09764285714285732,0.12402258516705396,81.00752868527354
7,Barcelona,66,ANT,3,HARD,20,39,0.5909090909090909,0.11172391908960219,0.13810364711379872,81.05387538807386
7,Barcelona,66,BEA,1,MEDIUM,16,2,0.030303030303030304,0.13101991978609884,0.15739964781029495,83.6779055919926
7,Barcelona,66,BEA,2,HARD,9,20,0.30303030303030304,0.17741060606060333,0.2037903340847992,83.93588879506154
7,Barcelona,66,BEA,3,SOFT,29,29,0.4393939393939394,0.026133160908444444,0.05251288893264187,84.25118166881828
7,Barcelona,66,BOR,1,MEDIUM,13,2,0.030303030303030304,0.19565034965034994,0.222030077674546,83.66353500375733
7,Barcelona,66,BOR,2,HARD,16,17,0.25757575757575757,0.2545493315508063,0.28092905957500014,82.81737825032347
7,Barcelona,66,BOR,3,HARD,16,35,0.5303030303030303,0.07720048701299016,0.10358021503718413,83.66097674284153
7,Barcelona,66,BOT,1,MEDIUM,12,2,0.030303030303030304,0.32117832167831967,0.3475580497025153,84.6373240480464
7,Barcelona,66,COL,1,SOFT,10,2,0.030303030303030304,0.26076363636363975,0.28714336438783533,83.08048045830282
7,Barcelona,66,COL,2,HARD,20,14,0.21212121212121213,0.07686336295283612,0.10324309097703462,83.09408442630877
7,Barcelona,66,COL,3,HARD,24,36,0.5454545454545454,0.05462921087160178,0.08100893889579645,83.65058014958227
7,Barcelona,66,GAS,1,MEDIUM,12,2,0.030303030303030304,0.19559090909090474,0.22197063711510442,83.12229257951492
7,Barcelona,66,GAS,2,HARD,23,16,0.24242424242424243,0.1344683794466394,0.1608481074708336,82.68871285617513
7,Barcelona,66,GAS,3,HARD,21,42,0.6363636363636364,0.09300845330486718,0.11938818132906241,83.15724262294125
7,Barcelona,66,HAD,1,MEDIUM,13,2,0.030303030303030304,0.10945254745255083,0.13583227547674417,82.70597456419692
7,Barcelona,66,HAD,2,HARD,15,17,0.25757575757575757,0.1651415584415639,0.1915212864657578,81.69814953883885
7,Barcelona,66,HAD,3,HARD,21,34,0.5151515151515151,0.11564314140032302,0.1420228694245174,81.84054977107843
7,Barcelona,66,HAM,1,SOFT,9,2,0.030303030303030304,0.2630439393939419,0.2894236674181363,80.09048211336551
7,Barcelona,66,HAM,2,HARD,14,13,0.19696969696969696,0.16082397602397552,0.1872037040481692,80.8265164076279
7,Barcelona,66,HAM,3,MEDIUM,11,29,0.4393939393939394,0.11918181818181821,0.1455615462060113,80.62487856950152
7,Barcelona,66,HAM,4,HARD,21,43,0.6515151515151515,0.11025129317020324,0.13663102119439843,80.90203617426091
7,Barcelona,66,HUL,1,SOFT,11,2,0.030303030303030304,0.2442454545454551,0.27062518256965246,82.52995318557551
7,Barcelona,66,HUL,2,HARD,14,15,0.22727272727272727,0.07246573426573397,0.09884546228993063,83.28591282671324
7,Barcelona,66,LAW,1,MEDIUM,9,2,0.030303030303030304,0.2600939393939352,0.28647366741813407,82.52327944820176
7,Barcelona,66,LAW,2,HARD,22,13,0.19696969696969696,0.06887464709203887,0.09525437511623443,83.25001579519689
7,Barcelona,66,LAW,3,HARD,23,37,0.5606060606060606,0.039946503496502604,0.06632623152069997,83.87608588290153
7,Barcelona,66,LEC,1,MEDIUM,14,2,0.030303030303030304,0.13783716283716188,0.16421689086135796,81.2842932455156
7,Barcelona,66,LEC,2,HARD,21,18,0.2727272727272727,0.11239870129870087,0.1387784293228978,81.2363089205427
7,Barcelona,66,LEC,3,HARD,20,42,0.6363636363636364,0.1623543403964456,0.18873406842064122,81.15360502554582
7,Barcelona,66,LIN,1,MEDIUM,20,2,0.030303030303030304,0.12848215994531953,0.1548618879695156,83.14472823684002
7,Barcelona,66,LIN,2,HARD,13,24,0.36363636363636365,0.08139210789210975,0.1077718359163046,84.02027913017976
7,Barcelona,66,LIN,3,HARD,22,41,0.6212121212121212,0.053347307423236845,0.07972703544743169,83.3437527833966
7,Barcelona,66,NOR,1,MEDIUM,11,2,0.030303030303030304,0.15075454545454864,0.1771342734787423,81.04011682193916
7,Barcelona,66,NOR,2,HARD,20,15,0.22727272727272727,0.1033174982911845,0.1296972263153801,81.021039547361
7,Barcelona,66,NOR,3,HARD,23,37,0.5606060606060606,0.11565188790948346,0.14203161593368183,80.86896244026794
7,Barcelona,66,OCO,1,SOFT,11,2,0.030303030303030304,0.2703181818181861,0.29669790984238076,83.40008045830278
7,Barcelona,66,OCO,2,HARD,19,15,0.22727272727272727,0.2029500797448149,0.22932980776901185,83.49279969773693
7,Barcelona,66,OCO,3,MEDIUM,19,36,0.5454545454545454,0.20541229643845696,0.231792024462649,83.11611887602596
7,Barcelona,66,PER,1,SOFT,10,2,0.030303030303030304,0.21842424242424477,0.24480397044843977,84.01738954921187
7,Barcelona,66,PER,2,HARD,17,14,0.21212121212121213,0.2045189393939397,0.2308986674181345,84.24515479708869
7,Barcelona,66,PER,4,MEDIUM,19,41,0.6212121212121212,0.1001227556681662,0.1265024836923629,85.22377819164224
7,Barcelona,66,PIA,1,MEDIUM,12,2,0.030303030303030304,0.18644405594405386,0.21282378396825016,81.53832637904871
7,Barcelona,66,PIA,2,HARD,20,16,0.24242424242424243,0.09704005468216022,0.12341978270635706,81.50669993157112
7,Barcelona,66,PIA,3,HARD,24,38,0.5757575757575758,0.10847646675712293,0.13485619478132027,81.48083306066091
7,Barcelona,66,RUS,1,MEDIUM,10,2,0.030303030303030304,0.28952121212121634,0.31590094014540804,80.37884409466645
7,Barcelona,66,RUS,2,HARD,22,14,0.21212121212121213,0.09825409373235496,0.1246338217565505,81.09945876432779
7,Barcelona,66,RUS,3,HARD,22,38,0.5757575757575758,0.12353652291947857,0.14991625094367642,80.928736199264
7,Barcelona,66,SAI,1,SOFT,12,2,0.030303030303030304,0.19252097902097462,0.21890070704517364,83.37746740468975
7,Barcelona,66,SAI,2,HARD,14,16,0.24242424242424243,0.14573826173825954,0.1721179897624533,83.37449455273943
7,Barcelona,66,SAI,3,HARD,21,32,0.48484848484848486,0.030131470425309823,0.05651119844950674,84.24909099786538
7,Barcelona,66,VER,1,SOFT,10,2,0.030303030303030304,0.22473333333333192,0.2511130613575305,80.52088672877565
7,Barcelona,66,VER,2,MEDIUM,15,14,0.21212121212121213,0.13532727272727518,0.1617070007514733,81.14061901277493
7,Barcelona,66,VER,3,HARD,9,31,0.4696969696969697,0.11729393939393865,0.1436736674181331,81.5554046922166
7,Barcelona,66,VER,4,MEDIUM,22,42,0.6363636363636364,0.15289634883598568,0.17927607686018135,81.09345539678928
8,Austrian,71,ALB,1,MEDIUM,16,2,0.028169014084507043,0.07928282932891685,0.08588776097541141,72.70145351075936
8,Austrian,71,ALB,2,MEDIUM,14,20,0.28169014084507044,0.08061660219691569,0.08722153384340965,72.47482235973807
8,Austrian,71,ALB,3,HARD,30,39,0.5492957746478874,0.11470646284311307,0.12131139448960736,72.42188475034735
8,Austrian,71,ALO,1,MEDIUM,21,2,0.028169014084507043,0.08424591183464461,0.09085084348113703,73.34961179316322
8,Austrian,71,ALO,2,SOFT,23,26,0.36619718309859156,0.044085578689526075,0.050690510336020345,74.07410088670119
8,Austrian,71,ALO,3,SOFT,18,51,0.7183098591549296,0.12553295832788358,0.13213788997437675,73.22426477206665
8,Austrian,71,ANT,1,MEDIUM,22,2,0.028169014084507043,0.05653207784254894,0.0631370094890437,70.6372248554633
8,Austrian,71,ANT,2,HARD,24,27,0.38028169014084506,0.058896883037355734,0.06550181468385086,70.30116523452725
8,Austrian,71,ANT,3,HARD,18,54,0.7605633802816901,0.052659893312406225,0.05926482495890199,70.40299531637727
8,Austrian,71,BEA,1,MEDIUM,22,2,0.028169014084507043,0.07734009591143674,0.0839450275579302,72.56784653812849
8,Austrian,71,BEA,2,HARD,18,27,0.38028169014084506,0.12854534222881478,0.13515027387530837,72.01460940437215
8,Austrian,71,BEA,3,MEDIUM,23,47,0.6619718309859155,0.06108795353796088,0.06769288518445657,72.39754378113508
8,Austrian,71,BOR,1,SOFT,15,2,0.028169014084507043,0.042997535211269776,0.049602466857763025,71.98683733428881
8,Austrian,71,BOR,2,MEDIUM,22,19,0.2676056338028169,0.08861661008750356,0.09522154173399977,71.24297153572219
8,Austrian,71,BOR,3,HARD,23,46,0.647887323943662,0.08397704269974635,0.09058197434624014,71.88860710874924
8,Austrian,71,COL,1,MEDIUM,18,2,0.028169014084507043,0.06434513583046092,0.07095006747695658,72.73306303088323
8,Austrian,71,COL,2,HARD,20,22,0.30985915492957744,0.10734385232314339,0.11394878396963835,71.76774710519169
8,Austrian,71,COL,3,MEDIUM,22,48,0.676056338028169,0.06024073451869587,0.06684566616518746,72.0666485973565
8,Austrian,71,GAS,1,MEDIUM,11,2,0.028169014084507043,0.1712134443021778,0.17781837594867167,72.29246460701609
8,Austrian,71,GAS,2,HARD,20,15,0.2112676056338028,0.06017669546162711,0.0667816271081219,71.53164799739923
8,Austrian,71,GAS,3,MEDIUM,11,40,0.5633802816901409,0.08696798975672322,0.09357292140321721,71.9127265294292
8,Austrian,71,GAS,4,SOFT,18,53,0.7464788732394366,0.0173554557479015,0.023960387394395124,72.3686293033054
8,Austrian,71,HAD,1,MEDIUM,16,2,0.028169014084507043,0.08245047638774174,0.08905540803423388,71.02419909899466
8,Austrian,71,HAD,2,MEDIUM,17,20,0.28169014084507044,0.08562221699328783,0.09222714863978447,70.37935170590669
8,Austrian,71,HAD,3,HARD,28,42,0.5915492957746479,0.056391384071751274,0.06299631571824453,70.8387817184579
8,Austrian,71,HAM,1,MEDIUM,10,2,0.028169014084507043,0.236277080665814,0.24288201231230858,70.240155516107
8,Austrian,71,HAM,2,HARD,10,14,0.19718309859154928,0.059877080665815645,0.06648201231230867,70.88708511840014
8,Austrian,71,HAM,3,SOFT,15,27,0.38028169014084506,0.11437967806840851,0.12098460971490313,70.21655954820784
8,Austrian,71,HAM,4,HARD,26,44,0.6197183098591549,0.07789525104367999,0.08450018269017297,70.66579945844663
8,Austrian,71,HUL,1,MEDIUM,19,2,0.028169014084507043,0.06877165801828541,0.07537658966477906,72.45067417639405
8,Austrian,71,HUL,2,MEDIUM,19,23,0.323943661971831,0.04009910369188042,0.04670403533837434,71.55404763805218
8,Austrian,71,HUL,3,HARD,22,47,0.6619718309859155,0.03252856477049533,0.03913349641698984,72.37322280009697
8,Austrian,71,LAW,1,MEDIUM,17,2,0.028169014084507043,0.08465782932891418,0.09126276097540895,71.48272556958291
8,Austrian,71,LAW,2,HARD,21,21,0.29577464788732394,0.07242059084991329,0.07902552249640649,71.40691591014017
8,Austrian,71,LAW,3,MEDIUM,22,47,0.6619718309859155,0.06161205432885136,0.06821698597534395,71.74277819095019
8,Austrian,71,LEC,1,MEDIUM,11,2,0.028169014084507043,0.0822407170294491,0.08884564867594331,70.88304642519789
8,Austrian,71,LEC,2,HARD,19,15,0.2112676056338028,0.01742307188389872,0.02402800353039255,70.83217454655245
8,Austrian,71,LEC,3,HARD,18,39,0.5492957746478874,0.11164424707417818,0.1182491787206713,70.70436657507842
8,Austrian,71,LEC,4,SOFT,11,61,0.8591549295774648,0.01302253521126742,0.01962746685776087,71.04049366014166
8,Austrian,71,LIN,1,MEDIUM,16,2,0.028169014084507043,0.08611665285832794,0.09272158450482268,71.62113880487699
8,Austrian,71,LIN,2,HARD,23,20,0.28169014084507044,0.08322184352519651,0.08982677517169046,71.22308246365651
8,Austrian,71,LIN,3,MEDIUM,21,48,0.676056338028169,0.07389712511155729,0.08050205675805192,71.78969366918619
8,Austrian,71,NOR,1,MEDIUM,19,2,0.028169014084507043,0.08080674573758241,0.08741167738407768,70.96183207113089
8,Austrian,71,NOR,2,HARD,21,23,0.323943661971831,0.057111802672937285,0.06371673431942995,70.483586597132
8,Austrian,71,NOR,3,HARD,22,49,0.6901408450704225,0.10406518623089217,0.11067011787738375,70.58300792262135
8,Austrian,71,OCO,1,MEDIUM,16,2,0.028169014084507043,0.15914312344656492,0.1657480550930581,72.23451968722995
8,Austrian,71,OCO,2,MEDIUM,10,20,0.28169014084507044,-0.05809762378930155,-0.05149269214280708,72.56854826243041
8,Austrian,71,OCO,3,HARD,34,35,0.49295774647887325,0.10014938839846231,0.10675432004495494,72.38872877088053
8,Austrian,71,PIA,1,MEDIUM,17,2,0.028169014084507043,0.07900341756421016,0.08560834921070475,70.86376233428881
8,Austrian,71,PIA,2,HARD,18,21,0.29577464788732394,0.07653468474397822,0.08313961639047049,70.20509534165794
8,Austrian,71,PIA,3,HARD,26,44,0.6197183098591549,0.0872780321845153,0.09388296383100997,70.42047918679829
8,Austrian,71,RUS,1,MEDIUM,17,2,0.028169014084507043,0.11784165285832454,0.12444658450482142,70.01768880487705
8,Austrian,71,RUS,2,HARD,19,21,0.29577464788732394,0.07852390683578693,0.08512883848227981,70.18742645705096
8,Austrian,71,RUS,3,HARD,25,45,0.6338028169014085,0.05993629971360731,0.06654123136010065,70.51843470776815
8,Austrian,71,SAI,1,SOFT,12,2,0.028169014084507043,0.14387008765881865,0.150475019305311,72.50185178650325
8,Austrian,71,SAI,2,MEDIUM,8,16,0.22535211267605634,0.17800586854460393,0.18461080019109696,72.70485520363084
8,Austrian,71,STR,1,MEDIUM,21,2,0.028169014084507043,0.10017188586061825,0.10677681750711403,73.35951092736236
8,Austrian,71,STR,2,SOFT,19,26,0.36619718309859156,0.05144709661477594,0.05805202826126851,73.58107022308562
8,Austrian,71,VER,1,MEDIUM,16,2,0.028169014084507043,0.10987547638773941,0.1164804080342353,70.21659909899466
8,Austrian,71,VER,2,HARD,26,20,0.28169014084507044,0.07057879273627628,0.07718372438277014,70.06621217598516
8,Austrian,71,VER,3,HARD,19,51,0.7183098591549296,0.06566809019141703,0.07227302183791184,70.45591303942321
9,British,52,ALB,2,HARD,11,3,0.057692307692307696,0.28324755244755534,0.3079985415607351,96.02513670390987
9,British,52,ALB,4,SOFT,10,25,0.4807692307692308,0.1673020979021023,0.1920530870152829,94.98665298967005
9,British,52,ALO,1,MEDIUM,17,3,0.057692307692307696,0.08704336349924666,0.11179435261243156,96.93965313561115
9,British,52,ALO,2,HARD,21,22,0.4230769230769231,0.024041846778811403,0.048792835891992674,97.62418650325797
9,British,52,ANT,1,MEDIUM,31,3,0.057692307692307696,0.004716279443804288,0.029467268556987912,92.80916356194474
9,British,52,BEA,1,MEDIUM,25,3,0.057692307692307696,0.025215283989268155,0.04996627310245032,95.39540951846396
9,British,52,BEA,2,HARD,13,31,0.5961538461538461,0.1048567185710052,0.12960770768418767,95.07177458194629
9,British,52,BOR,1,MEDIUM,21,3,0.057692307692307696,0.01766953262241145,0.04242052173559346,94.3741231404674
9,British,52,BOR,2,HARD,17,28,0.5384615384615384,0.06911182544009022,0.09386281455327386,94.09751632159733
9,British,52,BOT,1,MEDIUM,25,3,0.057692307692307696,0.08681272361359801,0.11156371272678084,95.78298783912584
9,British,52,BOT,2,HARD,13,31,0.5961538461538461,0.09179770036912802,0.11654868948231278,96.45847673307699
9,British,52,COL,1,MEDIUM,18,3,0.057692307692307696,-0.009713344447085664,0.015037644666096688,94.98063954771983
9,British,52,COL,2,HARD,21,24,0.46153846153846156,0.036842747116392086,0.06159373622957368,94.56397714144185
9,British,52,GAS,1,MEDIUM,18,3,0.057692307692307696,-0.0022107644677273105,0.022540224645456325,94.82131722229846
9,British,52,GAS,2,HARD,20,25,0.4807692307692308,0.03131511070531638,0.05606609981849943,94.54468507932798
9,British,52,HAD,1,MEDIUM,16,3,0.057692307692307696,0.039135520361997,0.06388650947517974,93.44453842972877
9,British,52,HAD,2,HARD,15,23,0.4423076923076923,0.04295989010988963,0.06771087922307252,93.96641824421091
9,British,52,HAM,1,MEDIUM,19,3,0.057692307692307696,0.063554251012144,0.08830524012532702,92.7710735690477
9,British,52,HAM,2,HARD,20,25,0.4807692307692308,0.03592195668408958,0.06067294579727295,93.19264345319755
9,British,52,HUL,1,MEDIUM,14,3,0.057692307692307696,-0.01962637362637516,0.00512461548680956,94.97511758292853
9,British,52,HUL,2,HARD,14,19,0.36538461538461536,-0.023783118151242243,0.0009678709619437352,94.68405479726987
9,British,52,LAW,1,MEDIUM,24,3,0.057692307692307696,0.025488319753639816,0.05023930886682468,94.19855904641922
9,British,52,LAW,2,HARD,15,30,0.5769230769230769,0.020452124710150028,0.045203113823334695,94.11984446652393
9,British,52,LEC,1,MEDIUM,21,3,0.057692307692307696,0.05450147459267899,0.0792524637058593,92.38422286186696
9,British,52,LEC,2,HARD,19,27,0.5192307692307693,0.03720609199419542,0.061957081107378374,93.06158920590484
9,British,52,LIN,1,MEDIUM,22,3,0.057692307692307696,0.03526218303647615,0.060013172149659316,94.14021426725309
9,British,52,LIN,2,HARD,16,29,0.5576923076923077,0.07305195401381033,0.09780294312699526,93.9014398987976
9,British,52,NOR,1,MEDIUM,24,3,0.057692307692307696,0.012266534932958309,0.03701752404614096,93.48871220738668
9,British,52,NOR,2,HARD,8,30,0.5769230769230769,0.1430860805860792,0.16783706969926673,93.39027806198047
9,British,52,OCO,1,MEDIUM,18,3,0.057692307692307696,0.01562721282845634,0.04037820194163922,95.37053703653991
9,British,52,OCO,2,HARD,21,23,0.4423076923076923,0.003829592208735871,0.028580581321916182,95.52381752466114
9,British,52,PER,1,MEDIUM,18,3,0.057692307692307696,0.0320998650472394,0.0568508541604206,95.51168701934009
9,British,52,PER,2,HARD,21,23,0.4423076923076923,0.0336887662100883,0.05843975532327163,96.28308766684123
9,British,52,PIA,2,HARD,31,4,0.07692307692307693,0.07175535937977835,0.09650634849296184,93.19545445885991
9,British,52,RUS,1,MEDIUM,19,3,0.057692307692307696,0.04521039136302229,0.06996138047620422,92.99427006027578
9,British,52,RUS,2,HARD,9,25,0.4807692307692308,0.23857179487179195,0.2633227839849737,93.04873795157943
9,British,52,RUS,3,MEDIUM,9,36,0.6923076923076923,0.09049247097242392,0.11524346008560239,92.31561201301376
9,British,52,SAI,1,MEDIUM,17,3,0.057692307692307696,-0.01185369532428302,0.012897293788903034,95.39221195914057
9,British,52,SAI,2,HARD,22,22,0.4230769230769231,0.04315197648483101,0.06790296559801443,95.41797175831839
9,British,52,STR,1,MEDIUM,15,3,0.057692307692307696,0.057849175824170866,0.08260016493735527,97.25682701516303
9,British,52,STR,2,HARD,22,20,0.38461538461538464,-0.007786003146740468,0.016964985966442723,98.16069795303517
9,British,52,VER,1,MEDIUM,14,3,0.057692307692307696,0.03401098901098726,0.058761978124170194,92.99696373677465
9,British,52,VER,2,HARD,18,19,0.36538461538461536,0.05863620589936385,0.08338719501254621,93.22208220005047
10,Belgian,44,ALB,1,MEDIUM,12,5,0.11363636363636363,0.10127378282095241,0.11623161399987535,111.17360074053637
10,Belgian,44,ALB,2,HARD,24,21,0.4772727272727273,0.03079264822134574,0.045750479400269536,112.01603783780041
10,Belgian,44,ALO,1,HARD,11,5,0.11363636363636363,-0.0803603592669025,-0.06540252808797652,114.97301005648934
10,Belgian,44,ALO,2,SOFT,10,21,0.4772727272727273,0.7130363636363645,0.7279941948152877,114.34495158465782
10,Belgian,44,ALO,3,HARD,10,33,0.75,0.3660181818181828,0.38097601299710937,115.70746374062313
10,Belgian,44,ANT,1,MEDIUM,12,5,0.11363636363636363,0.027758543343447583,0.0427163745223719,109.35773765393745
10,Belgian,44,ANT,2,HARD,23,22,0.5,0.04119664031620719,0.056154471495131635,109.12206371395321
10,Belgian,44,BEA,2,HARD,13,5,0.11363636363636363,0.0828882063882039,0.09784603756712969,111.14140054972711
10,Belgian,44,BEA,3,HARD,23,22,0.5,0.055804347826083275,0.07076217900500725,111.2839457794731
10,Belgian,44,BOR,1,MEDIUM,13,5,0.11363636363636363,0.0006236793611770828,0.015581510540098787,111.13975012026815
10,Belgian,44,BOR,2,HARD,23,22,0.5,0.06702865612647968,0.08198648730540284,110.29023826959168
10,Belgian,44,BOT,2,HARD,24,5,0.11363636363636363,0.045582202081768095,0.06054003326069284,113.03281649473176
10,Belgian,44,BOT,3,SOFT,10,34,0.7727272727272727,0.0010787878787939173,0.01603661905771584,113.34582157180202
10,Belgian,44,COL,1,MEDIUM,9,5,0.11363636363636363,0.08191174242424372,0.09686957360316917,110.6316353680158
10,Belgian,44,COL,2,HARD,26,17,0.38636363636363635,0.016713324434031226,0.03167115561295777,111.28242730764418
10,Belgian,44,GAS,1,MEDIUM,8,5,0.11363636363636363,-0.04763945184327059,-0.03268162066434794,110.92725644020263
10,Belgian,44,GAS,2,HARD,26,16,0.36363636363636365,0.007061417979748925,0.022019249158671424,111.45432409136673
10,Belgian,44,HAD,3,HARD,13,5,0.11363636363636363,-0.06657226658475875,-0.051614435405837295,110.74355503324016
10,Belgian,44,HAD,4,HARD,23,22,0.5,0.03775889328063013,0.05271672445955581,109.45333182181197
10,Belgian,44,HAM,1,MEDIUM,12,5,0.11363636363636363,0.12325002511300491,0.13820785629192975,109.01150300153336
10,Belgian,44,HAM,2,HARD,23,22,0.5,0.05961462450592504,0.0745724556848519,109.40463747907788
10,Belgian,44,HUL,1,MEDIUM,13,5,0.11363636363636363,-0.041372266584771694,-0.026414435405847852,111.39518390405195
10,Belgian,44,HUL,2,HARD,23,22,0.5,-0.01653754940711731,-0.0015797182281938116,111.8858548703822
10,Belgian,44,LAW,1,MEDIUM,9,5,0.11363636363636363,0.08590340909090687,0.1008612402698311,110.38778536801583
10,Belgian,44,LAW,2,HARD,25,17,0.38636363636363635,-0.005737942449710094,0.00921988872921662,111.73103525357594
10,Belgian,44,LEC,1,MEDIUM,13,5,0.11363636363636363,0.01792469287468791,0.03288252405361464,109.57345856621406
10,Belgian,44,LEC,2,HARD,23,22,0.5,0.046309288537546414,0.06126711971646991,109.38934103639009
10,Belgian,44,LIN,1,MEDIUM,10,5,0.11363636363636363,0.06364015151515755,0.0785979826940803,110.43138764074307
10,Belgian,44,LIN,2,HARD,24,19,0.4318181818181818,0.0473250388311522,0.06228287001007697,110.11705889779869
10,Belgian,44,NOR,1,HARD,21,5,0.11363636363636363,-0.0011781712220396614,0.013779659956885319,110.09748547845282
10,Belgian,44,NOR,2,MEDIUM,13,32,0.7272727272727273,0.008673326673327672,0.023631157852251238,109.35665096438927
10,Belgian,44,OCO,2,HARD,10,5,0.11363636363636363,-0.11531060606061032,-0.10035277488168776,112.66817880525537
10,Belgian,44,OCO,3,HARD,25,19,0.4318181818181818,0.05401338222217567,0.06897121340110035,111.44315324014784
10,Belgian,44,PIA,1,MEDIUM,13,5,0.11363636363636363,0.15827874692874266,0.17323657810767115,109.14134234999783
10,Belgian,44,PIA,2,HARD,23,22,0.5,0.0867885375494037,0.10174636872832811,109.49224617473008
10,Belgian,44,SAI,2,HARD,26,16,0.36363636363636365,0.045022726715916575,0.05998055789484105,111.16588323983343
10,Belgian,44,STR,1,HARD,11,5,0.11363636363636363,0.03787595581988269,0.05283378699880292,114.4213838882651
10,Belgian,44,VER,1,MEDIUM,11,5,0.11363636363636363,0.07325446049277984,0.08821229167170462,109.13339790695663
10,Belgian,44,VER,2,HARD,24,19,0.4318181818181818,0.05442859488060224,0.06938642605952317,109.2766380589604
11,Hungarian,70,ALB,1,MEDIUM,24,2,0.02857142857142857,0.01799844720496754,0.03795048459806795,86.91405314762801
11,Hungarian,70,ALB,2,HARD,24,28,0.4,0.04331193490054192,0.06326397229363992,86.78658609468931
11,Hungarian,70,ALB,3,SOFT,13,56,0.8,0.2196593406593406,0.23961137805243893,87.48879657981914
11,Hungarian,70,ALO,1,SOFT,32,2,0.02857142857142857,0.04081242144951776,0.06076445884261479,86.10697991884655
11,Hungarian,70,ALO,2,MEDIUM,17,36,0.5142857142857142,0.002408332222816457,0.022360369615912076,86.15680068367726
11,Hungarian,70,ALO,3,SOFT,13,57,0.8142857142857143,0.08968131868131644,0.10963335607441473,84.91933206547246
11,Hungarian,70,ANT,1,MEDIUM,20,2,0.02857142857142857,0.027800000000001386,0.047752037393099876,83.9086173298226
11,Hungarian,70,ANT,2,HARD,27,24,0.34285714285714286,0.029229515999120527,0.04918155339221785,84.26874586778162
11,Hungarian,70,ANT,3,HARD,14,55,0.7857142857142857,0.08265136668385666,0.10260340407695186,83.73982054115652
11,Hungarian,70,BEA,1,MEDIUM,20,2,0.02857142857142857,0.034988721804512256,0.05494075919761025,86.42394063809328
11,Hungarian,70,BEA,2,HARD,17,24,0.34285714285714286,0.19595802689250164,0.21591006428559884,86.43544329057345
11,Hungarian,70,BEA,3,HARD,22,44,0.6285714285714286,0.09854869732470574,0.11850073471780258,86.66477988613762
11,Hungarian,70,BOR,1,SOFT,27,2,0.02857142857142857,-0.01464652014651979,0.0053055172465756055,86.13193438313967
11,Hungarian,70,BOR,2,HARD,35,31,0.44285714285714284,0.10800896618560721,0.12796100357870518,84.75121713677682
11,Hungarian,70,BOT,1,MEDIUM,12,2,0.02857142857142857,0.041969030969031415,0.061921068362127525,87.10359951430482
11,Hungarian,70,COL,1,MEDIUM,13,2,0.02857142857142857,0.05906043956043984,0.07901247695353676,86.19105139575669
11,Hungarian,70,COL,2,HARD,20,17,0.24285714285714285,0.0749511278195492,0.0949031652126467,86.05852270274917
11,Hungarian,70,COL,3,HARD,27,39,0.5571428571428572,0.1076484751471087,0.12760051254020718,85.48547864433378
11,Hungarian,70,GAS,1,MEDIUM,14,2,0.02857142857142857,0.08637142857142656,0.10632346596452713,85.6799601869655
11,Hungarian,70,GAS,2,HARD,20,18,0.2571428571428571,0.09645864661654256,0.11641068400963918,85.30468301081893
11,Hungarian,70,GAS,3,HARD,13,41,0.5857142857142857,0.08254101161995964,0.10249304901305378,85.6669046828903
11,Hungarian,70,GAS,4,SOFT,13,57,0.8142857142857143,0.19794505494505713,0.21789709233815263,84.78897938644296
11,Hungarian,70,HAD,1,MEDIUM,17,2,0.02857142857142857,0.10097969187674802,0.12093172926984751,84.31808021497666
11,Hungarian,70,HAD,2,HARD,20,21,0.3,0.13950426863972562,0.15945630603282332,84.09324929584072
11,Hungarian,70,HAD,3,HARD,24,44,0.6285714285714286,0.052251330007684324,0.0722033674007837,84.19055035560976
11,Hungarian,70,HAM,1,SOFT,11,2,0.02857142857142857,0.028129870129871094,0.04808190752296942,83.72204590125119
11,Hungarian,70,HAM,2,HARD,15,15,0.21428571428571427,0.03731071428571811,0.05726275167881404,84.22195095879
11,Hungarian,70,HAM,3,HARD,22,32,0.45714285714285713,0.03479865868005794,0.05475069607315479,84.06976765297482
11,Hungarian,70,HAM,4,SOFT,13,58,0.8285714285714286,-0.01492307692307737,0.005028960470019625,84.5167676193491
11,Hungarian,70,HUL,1,MEDIUM,17,2,0.02857142857142857,0.06603851540615954,0.08599055279926071,85.31202139144726
11,Hungarian,70,HUL,2,HARD,17,21,0.3,-0.017000700280114425,0.002951337112984796,85.79623895345672
11,Hungarian,70,HUL,3,SOFT,26,41,0.5857142857142857,0.048683818276601384,0.0686358556696985,85.09529011219138
11,Hungarian,70,LAW,1,MEDIUM,19,2,0.02857142857142857,0.10802205513784371,0.1279740925309418,84.78505642756699
11,Hungarian,70,LAW,2,HARD,18,23,0.32857142857142857,0.042499999999999385,0.06245203739309585,85.40156249603005
11,Hungarian,70,LAW,3,SOFT,23,44,0.6285714285714286,0.03268942015867351,0.05264145755176888,85.7323028098157
11,Hungarian,70,LEC,1,SOFT,14,2,0.02857142857142857,0.06178901098901304,0.08174104838210956,83.51456121764332
11,Hungarian,70,LEC,2,HARD,18,18,0.2571428571428571,0.1169469261388757,0.13689896353197292,83.81244342164996
11,Hungarian,70,LEC,3,HARD,16,38,0.5428571428571428,0.050892685025816765,0.07084472241891332,84.3684095227899
11,Hungarian,70,LEC,4,SOFT,13,58,0.8285714285714286,0.11193406593406822,0.13188610332716086,83.29977860836007
11,Hungarian,70,LIN,1,MEDIUM,18,2,0.02857142857142857,0.0748065752616805,0.09475861265477915,85.19949068969291
11,Hungarian,70,LIN,2,HARD,43,22,0.3142857142857143,0.06359057307908314,0.08354261047218023,85.2384973336725
11,Hungarian,70,NOR,1,MEDIUM,15,2,0.02857142857142857,0.053346428571431424,0.07329846596452862,83.48608875839403
11,Hungarian,70,NOR,2,HARD,20,19,0.2714285714285714,0.037756390977444786,0.05770842837054283,83.93095685272333
11,Hungarian,70,NOR,3,HARD,14,41,0.5857142857142857,0.1182592153960014,0.13821125278909677,83.48748165121782
11,Hungarian,70,NOR,4,SOFT,13,58,0.8285714285714286,0.03962087912087804,0.05957291651397571,83.7693500369315
11,Hungarian,70,OCO,1,MEDIUM,15,2,0.02857142857142857,0.09927500000000365,0.11922703739310034,85.99224113934642
11,Hungarian,70,OCO,2,HARD,16,19,0.2714285714285714,0.09026008403361749,0.11021212142671315,86.34698873021114
11,Hungarian,70,OCO,3,HARD,28,37,0.5285714285714286,0.015983648881240136,0.035935686274337485,86.56297263169631
11,Hungarian,70,PER,2,MEDIUM,40,2,0.02857142857142857,0.013831018538321731,0.03378305593141969,87.3356385265581
11,Hungarian,70,PIA,1,MEDIUM,14,2,0.02857142857142857,0.06471648351648612,0.08466852090958028,83.42625249465777
11,Hungarian,70,PIA,2,HARD,15,18,0.2571428571428571,0.09612857142857437,0.11608060882167148,83.84684040430263
11,Hungarian,70,PIA,3,HARD,19,35,0.5,0.021221062678972186,0.04117310007206609,84.4371822570815
11,Hungarian,70,RUS,1,MEDIUM,25,2,0.02857142857142857,-0.028291318681318428,-0.008339281288222658,85.33762205509737
11,Hungarian,70,RUS,2,HARD,23,29,0.4142857142857143,0.0708614087017067,0.09081344609480488,84.11559580414193
11,Hungarian,70,RUS,3,HARD,14,57,0.8142857142857143,0.09522417582417349,0.1151762132172729,83.88758998641245
11,Hungarian,70,SAI,1,SOFT,16,2,0.02857142857142857,-0.007088445378146141,0.012863592014950192,86.66098854830997
11,Hungarian,70,SAI,2,MEDIUM,22,20,0.2857142857142857,0.11572055772207296,0.13567259511516863,86.46634218611129
11,Hungarian,70,SAI,4,SOFT,13,56,0.8,0.2785384615384596,0.298490498931558,86.04491848961784
11,Hungarian,70,STR,2,MEDIUM,27,10,0.14285714285714285,0.024868742368743244,0.04482077976183889,85.94599594072972
11,Hungarian,70,STR,3,SOFT,28,39,0.5571428571428572,0.033558291612172886,0.053510329005271196,85.62366456053869
11,Hungarian,70,VER,1,MEDIUM,12,2,0.02857142857142857,0.04235014985014527,0.06230218724324536,83.68939671710201
11,Hungarian,70,VER,2,HARD,24,16,0.22857142857142856,0.05365011535048838,0.07360215274358649,84.00968445137387
11,Hungarian,70,VER,3,SOFT,25,43,0.6142857142857143,0.014032037390844647,0.033984074783942636,84.14634820197656
12,Dutch,72,ALB,2,HARD,20,6,0.08333333333333333,0.03847218045112607,0.053712759057637775,77.300070516411
12,Dutch,72,ALB,3,HARD,21,28,0.3888888888888889,0.03653896103896071,0.05177953964546979,78.5235899714338
12,Dutch,72,ALB,4,MEDIUM,11,51,0.7083333333333334,0.5665563318777237,0.5817969104842335,76.83878513121446
12,Dutch,72,ALO,2,SOFT,28,6,0.08333333333333333,0.013389162561577808,0.02862974116808675,77.53531951822586
12,Dutch,72,ALO,3,HARD,30,36,0.5,0.003064344693876427,0.01830492330038592,77.68725582491238
12,Dutch,72,ANT,2,MEDIUM,15,6,0.08333333333333333,0.09332499999999902,0.10856557860650949,74.60240289303256
12,Dutch,72,ANT,3,HARD,17,23,0.3194444444444444,0.09134068627450773,0.1065812648810183,75.15049278886727
12,Dutch,72,ANT,4,HARD,12,42,0.5833333333333334,0.03206293706293517,0.04730351566944551,75.79383536130226
12,Dutch,72,ANT,5,SOFT,14,58,0.8055555555555556,0.1013136812411851,0.116554259847694,75.0511555337897
12,Dutch,72,BOR,3,MEDIUM,21,13,0.18055555555555555,0.08449090909090862,0.09973148769741803,77.251508132163
12,Dutch,72,BOR,4,HARD,17,36,0.5,0.03478186274509769,0.05002244135160696,77.58029678134015
12,Dutch,72,BOR,5,SOFT,14,57,0.7916666666666666,0.1616788043478275,0.17691938295433676,76.06967367118408
12,Dutch,72,BOT,2,HARD,22,6,0.08333333333333333,0.06311744776962182,0.07835802637613373,78.19111375097962
12,Dutch,72,BOT,3,HARD,21,30,0.4166666666666667,0.09765714285714101,0.11289772146365158,78.30140079394465
12,Dutch,72,COL,3,MEDIUM,11,10,0.1388888888888889,0.1973727272727264,0.21261330587923435,76.79561132297283
12,Dutch,72,COL,4,HARD,22,23,0.3194444444444444,0.08749745906267567,0.1027380376691864,77.36402410079921
12,Dutch,72,COL,5,SOFT,19,47,0.6527777777777778,0.04129491002023304,0.056535488626743124,77.36826341014657
12,Dutch,72,GAS,2,MEDIUM,12,6,0.08333333333333333,0.0623531468531479,0.07759372545965706,76.45823037969413
12,Dutch,72,GAS,3,HARD,26,20,0.2777777777777778,-0.04029196581196585,-0.02505138720545536,78.37046082931725
12,Dutch,72,GAS,4,MEDIUM,18,48,0.6666666666666666,0.0743845475725719,0.08962512617908287,76.54631898581
12,Dutch,72,HAM,2,SOFT,19,6,0.08333333333333333,0.03737894736842239,0.052619525974932156,75.53747810389969
12,Dutch,72,HAM,3,HARD,27,27,0.375,0.04986813186813083,0.06510871047464054,75.31516566914361
12,Dutch,72,HAM,4,SOFT,13,58,0.8055555555555556,0.11160475875743504,0.1268453373639412,74.5732199325033
12,Dutch,72,HUL,2,SOFT,13,6,0.08333333333333333,0.0473461538461558,0.06258673245266548,76.65496231442606
12,Dutch,72,HUL,3,SOFT,27,21,0.2916666666666667,-0.030992063492063744,-0.015751484885555465,77.6934352622176
12,Dutch,72,HUL,4,HARD,16,50,0.6944444444444444,-0.03246688741722071,-0.017226308810710696,77.73517326548274
12,Dutch,72,LAW,2,SOFT,15,6,0.08333333333333333,0.08613928571428282,0.1013798643207918,76.02651500262657
12,Dutch,72,LAW,3,MEDIUM,24,23,0.3194444444444444,0.06721608695652148,0.08245666556303122,76.07254330463883
12,Dutch,72,LAW,4,MEDIUM,19,49,0.6805555555555556,0.039371825613079864,0.05461240421958979,76.29607188590363
12,Dutch,72,LEC,2,SOFT,15,6,0.08333333333333333,0.02909285714285524,0.044333435749365276,75.66419357405513
12,Dutch,72,LEC,3,MEDIUM,20,23,0.3194444444444444,0.08526466165413586,0.10050524026064585,75.14703474301737
12,Dutch,72,LEC,4,HARD,9,45,0.625,-0.003950000000002833,0.011290578606507201,75.23083110644582
12,Dutch,72,LEC,5,SOFT,13,58,0.8055555555555556,0.117043952412425,0.13228453101893442,75.01493769061393
12,Dutch,72,LIN,3,MEDIUM,29,7,0.09722222222222222,0.057854679802956104,0.07309525840946503,77.30383189443953
12,Dutch,72,LIN,4,HARD,29,38,0.5277777777777778,-0.006381453690223143,0.00885912491628782,77.78231853303603
12,Dutch,72,NOR,2,SOFT,15,6,0.08333333333333333,0.0949678571428566,0.110208435749365,74.57345160014034
12,Dutch,72,NOR,3,HARD,24,23,0.3194444444444444,0.06390043478260773,0.07914101338911785,75.2062263481171
12,Dutch,72,NOR,4,HARD,19,49,0.6805555555555556,0.05792529118136398,0.0731658697878727,75.0120811357914
12,Dutch,72,OCO,2,SOFT,10,6,0.08333333333333333,0.03147272727273276,0.04671330587924249,77.21828958715327
12,Dutch,72,OCO,3,HARD,18,18,0.25,-0.004783281733747168,0.010457296872761732,78.194526866939
12,Dutch,72,OCO,4,HARD,15,38,0.5277777777777778,0.0055107142857172475,0.020751292892226606,77.99128753239069
12,Dutch,72,PER,2,HARD,24,4,0.05555555555555555,-0.6460659449866886,-0.6308253663801792,87.65289111324465
12,Dutch,72,PER,3,HARD,21,31,0.4305555555555556,0.09619220779220773,0.11143278639871809,77.7975008847425
12,Dutch,72,PER,4,SOFT,13,56,0.7777777777777778,-0.06568407138136255,-0.050443492774855526,79.81265151328755
12,Dutch,72,PIA,2,HARD,12,6,0.08333333333333333,0.038905594405595455,0.054146173012103185,75.43485887542037
12,Dutch,72,PIA,3,HARD,24,20,0.2777777777777778,0.09733434782608628,0.11257492643259842,75.4981496847613
12,Dutch,72,PIA,4,SOFT,8,46,0.6388888888888888,0.01679761904762239,0.03203819765412672,75.69064994923279
12,Dutch,72,PIA,5,SOFT,13,58,0.8055555555555556,0.07618208856576247,0.09142266717227349,75.00353617951355
12,Dutch,72,RUS,2,MEDIUM,11,6,0.08333333333333333,0.04113636363636512,0.056376942242875296,75.49574834757802
12,Dutch,72,RUS,3,HARD,21,19,0.2638888888888889,0.06737012987013061,0.08261070847663966,75.27736848691895
12,Dutch,72,RUS,4,HARD,25,42,0.5833333333333334,0.03692802633547878,0.052168604941987544,75.56195502128219
12,Dutch,72,SAI,2,SOFT,24,6,0.08333333333333333,0.04385391304347665,0.059094491649987174,77.63230129662236
12,Dutch,72,SAI,3,HARD,29,32,0.4444444444444444,0.011854971250895796,0.02709554985740479,78.579279047467
12,Dutch,72,STR,2,SOFT,9,6,0.08333333333333333,-0.0505166666666654,-0.035276088060158806,77.85678960580114
12,Dutch,72,STR,3,HARD,18,17,0.2361111111111111,0.03018575851393311,0.045426337120441765,78.12123434474802
12,Dutch,72,STR,4,HARD,8,37,0.5138888888888888,0.11069047619047333,0.12593105479698935,77.86977790616518
12,Dutch,72,TSU,2,SOFT,12,6,0.08333333333333333,0.012367132867130756,0.027607711473638715,77.17228195234348
12,Dutch,72,TSU,3,HARD,24,20,0.2777777777777778,0.03224695652173823,0.04748753512824867,77.52710084418162
12,Dutch,72,TSU,4,SOFT,20,46,0.6388888888888888,0.04233324945478721,0.05757382806129807,77.1179914756668
13,Italian,53,ALB,2,HARD,37,7,0.1320754716981132,0.019000277977046783,0.011528233361149404,85.77445578594103
13,Italian,53,ALO,2,SOFT,16,7,0.1320754716981132,0.058331187569367705,0.050859142953474074,86.59763932009835
13,Italian,53,ANT,2,MEDIUM,21,7,0.1320754716981132,0.019033937760352594,0.011561893144454164,84.14851029667079
13,Italian,53,ANT,3,MEDIUM,24,30,0.5660377358490566,0.03436732567678433,0.0268952810608876,83.60724601413973
13,Italian,53,BEA,2,HARD,45,7,0.1320754716981132,0.03874353437914936,0.0312714897632544,85.37901974978789
13,Italian,53,BOR,2,MEDIUM,45,7,0.1320754716981132,0.01884621099734586,0.011374166381449276,85.47003834456333
13,Italian,53,BOT,2,MEDIUM,20,7,0.1320754716981132,0.022057724499926677,0.014585679884032683,86.9985358150121
13,Italian,53,BOT,3,SOFT,23,29,0.5471698113207547,0.1486835707360708,0.14121152612017315,87.1090494682567
13,Italian,53,COL,2,HARD,45,7,0.1320754716981132,-0.013229313388190788,-0.020701358004086897,85.77853049486575
13,Italian,53,GAS,2,HARD,44,7,0.1320754716981132,0.0030764618344989443,-0.0043955827813980195,85.14702548148593
13,Italian,53,HAM,2,MEDIUM,45,7,0.1320754716981132,0.02787627480961375,0.020404230193717857,84.49637900283999
13,Italian,53,HUL,2,HARD,20,7,0.1320754716981132,-0.02937611008653752,-0.036848154702434806,86.1270734089971
13,Italian,53,HUL,3,MEDIUM,25,29,0.5471698113207547,-0.010477590711175397,-0.017949635327072083,85.37246519089946
13,Italian,53,LAW,3,MEDIUM,38,14,0.2641509433962264,0.01987145151962848,0.012399406903731772,84.87882843660043
13,Italian,53,LIN,2,HARD,44,7,0.1320754716981132,0.022285117655064392,0.014813073039167655,85.03817932763981
13,Italian,53,NOR,2,HARD,44,7,0.1320754716981132,0.007865773686233816,0.00039372907033756346,84.784507532768
13,Italian,53,OCO,2,HARD,20,7,0.1320754716981132,-0.0014362604624762057,-0.008908305078372725,85.98848468719254
13,Italian,53,OCO,3,MEDIUM,24,29,0.5471698113207547,0.08446210828548012,0.07699006366958297,85.34490768960057
13,Italian,53,PER,2,SOFT,20,7,0.1320754716981132,0.07269757412399003,0.06522552950809024,86.5616470932076
13,Italian,53,PER,3,MEDIUM,24,29,0.5471698113207547,-0.013297891714519,-0.020769936330416367,87.37753435626726
13,Italian,53,PIA,2,HARD,45,7,0.1320754716981132,0.021287337582481164,0.013815292966583872,84.54606377320763
13,Italian,53,RUS,2,HARD,45,7,0.1320754716981132,0.015400773043210499,0.00792872842731488,84.34742729737418
13,Italian,53,SAI,2,HARD,20,7,0.1320754716981132,-0.023725734146687872,-0.031197778762583596,86.16539521350836
13,Italian,53,SAI,3,MEDIUM,25,29,0.5471698113207547,0.02642240928882471,0.018950364672927794,85.1455562849183
13,Italian,53,STR,2,HARD,20,7,0.1320754716981132,0.06774870194353859,0.06027665732764121,87.33271250674143
13,Italian,53,TSU,2,MEDIUM,44,7,0.1320754716981132,0.031622057580299325,0.024150012964402598,85.08274343020392
13,Italian,53,VER,2,MEDIUM,21,7,0.1320754716981132,0.010072898799311966,0.0026008541834151634,84.44011202827254
13,Italian,53,VER,3,HARD,24,30,0.5660377358490566,0.05631297785069811,0.048840933234799926,83.98191630399481
14,Spanish,57,ALB,1,MEDIUM,11,2,0.03508771929824561,-0.010975089593138207,0.025522265025516144,101.8285145293999
14,Spanish,57,ALB,2,HARD,41,16,0.2807017543859649,-0.0014043920777532554,0.03509296254090028,100.83692517329443
14,Spanish,57,ALO,1,HARD,10,2,0.03508771929824561,-0.05506170255184085,-0.018564347933182488,102.45256462397047
14,Spanish,57,ALO,2,SOFT,21,16,0.2807017543859649,0.05137785372522169,0.0878752083438747,100.57935363385829
14,Spanish,57,ALO,3,HARD,17,39,0.6842105263157895,0.10790208978327859,0.14439944440193253,100.93601931194009
14,Spanish,57,ANT,1,MEDIUM,10,2,0.03508771929824561,-0.028568769553682163,0.007928585064972023,98.12270462585157
14,Spanish,57,ANT,2,HARD,42,16,0.2807017543859649,-0.013097241117541875,0.023400113501112547,97.96576173300062
14,Spanish,57,BEA,1,HARD,27,2,0.03508771929824561,-0.14946770010007715,-0.11297034548142229,102.47655455897238
14,Spanish,57,BEA,2,MEDIUM,8,35,0.6140350877192983,0.3462518796992461,0.3827492343179017,100.24122090408031
14,Spanish,57,BEA,3,HARD,12,45,0.7894736842105263,0.134929701877066,0.17142705649572254,99.85639964419569
14,Spanish,57,BOR,1,HARD,42,2,0.03508771929824561,-0.05104698199064124,-0.014549627371987511,100.37599086073656
14,Spanish,57,BOR,2,SOFT,8,49,0.8596491228070176,0.3273947368421038,0.3638920914607564,100.25813875595952
14,Spanish,57,BOT,1,HARD,23,2,0.03508771929824561,-0.011091156574824512,0.025406198043829716,102.80246359210004
14,Spanish,57,BOT,2,HARD,12,31,0.543859649122807,0.21238075082811753,0.24887810544677405,103.11936607470079
14,Spanish,57,BOT,3,SOFT,10,45,0.7894736842105263,0.09734322169059485,0.13384057630925292,105.5265476628437
14,Spanish,57,COL,1,MEDIUM,11,2,0.03508771929824561,0.09424253390485837,0.13073988852351445,100.50846646531446
14,Spanish,57,COL,2,HARD,42,16,0.2807017543859649,-0.01152800037530002,0.024969354243353472,99.24425240096379
14,Spanish,57,GAS,1,HARD,50,2,0.03508771929824561,-0.03619157839615595,0.0003057762224980802,99.96957202302201
14,Spanish,57,HUL,1,SOFT,11,2,0.03508771929824561,-0.013397653011029907,0.02309970160762272,100.92348515690324
14,Spanish,57,HUL,2,HARD,41,16,0.2807017543859649,0.01676895286998152,0.05326630748863627,99.07505147991465
14,Spanish,57,LAW,1,HARD,39,2,0.03508771929824561,-0.046851080241804434,-0.01035372562314974,99.71667853504944
14,Spanish,57,LAW,2,MEDIUM,12,46,0.8070175438596491,0.1164157158630814,0.15291307048173544,99.14949336735806
14,Spanish,57,LEC,1,HARD,43,2,0.03508771929824561,-0.028860977399256006,0.007636377219397879,98.28620504111574
14,Spanish,57,LEC,2,SOFT,8,50,0.8771929824561403,0.21587092731830143,0.2523682819369546,98.68779275218219
14,Spanish,57,LIN,1,MEDIUM,11,2,0.03508771929824561,0.0596537488581288,0.09615110347678243,100.60834496998734
14,Spanish,57,LIN,2,HARD,41,16,0.2807017543859649,0.022063029525033757,0.058560384143688214,99.00419851824216
14,Spanish,57,NOR,1,MEDIUM,10,2,0.03508771929824561,-0.0238705001782108,0.012626854440438347,97.85447964466276
14,Spanish,57,NOR,2,HARD,41,17,0.2982456140350877,-0.0021866220429100558,0.034310732575743276,97.57807858879704
14,Spanish,57,OCO,1,MEDIUM,11,2,0.03508771929824561,0.009379383037036882,0.04587673765568601,100.790638694954
14,Spanish,57,OCO,2,HARD,41,16,0.2807017543859649,-0.011303172565558878,0.025194182053095874,99.61922883183105
14,Spanish,57,PER,1,MEDIUM,10,2,0.03508771929824561,0.0014951156299827487,0.03799247024863642,102.14593962397046
14,Spanish,57,PER,2,HARD,15,16,0.2807017543859649,0.5039983082706775,0.5404956628893339,100.30976878537345
14,Spanish,57,PIA,1,HARD,37,2,0.03508771929824561,-0.09030859681988251,-0.053811242201229195,100.40567226479926
14,Spanish,57,PIA,2,MEDIUM,14,44,0.7719298245614035,-0.056861307113938685,-0.020363952495284533,100.19293159535894
14,Spanish,57,RUS,1,HARD,11,2,0.03508771929824561,-0.1826640081512152,-0.14616665353256214,99.06912067092193
14,Spanish,57,RUS,2,MEDIUM,12,16,0.2807017543859649,0.09477235921972554,0.131269713838378,97.88400568181038
14,Spanish,57,RUS,3,HARD,28,30,0.5263157894736842,-0.03172348975888036,0.004773864859773519,98.24682325465825
14,Spanish,57,SAI,1,HARD,17,2,0.03508771929824561,-0.12761117096285132,-0.09111381634419798,102.59017863004466
14,Spanish,57,SAI,3,HARD,10,33,0.5789473684210527,0.10156746411483483,0.13806481873348914,102.69140620167822
14,Spanish,57,STR,1,HARD,10,2,0.03508771929824561,-0.11109389952153613,-0.0745965449028836,102.8888354573038
14,Spanish,57,TSU,1,HARD,30,2,0.03508771929824561,-0.1208466057258235,-0.08434925110716762,102.06450245694866
14,Spanish,57,TSU,2,MEDIUM,19,38,0.6666666666666666,-0.02022456140350932,0.01627279321514502,100.38926522357532
14,Spanish,57,VER,1,SOFT,11,2,0.03508771929824561,-0.16665599747031418,-0.1301586428516571,99.59393838852903
14,Spanish,57,VER,2,HARD,42,16,0.2807017543859649,-0.013069933768055299,0.023427420850597163,97.95540290200368
15,Azerbaijan,51,ALB,1,SOFT,25,2,0.0392156862745098,-0.019311871530481493,0.0033767534397538134,108.28512166041067
15,Azerbaijan,51,ALO,1,SOFT,17,2,0.0392156862745098,-0.002790091812204051,0.0198985331580326,110.4939567229049
15,Azerbaijan,51,ANT,1,MEDIUM,26,2,0.0392156862745098,-0.06436544076564729,-0.04167681579541282,107.90179898607
15,Azerbaijan,51,ANT,3,SOFT,10,39,0.7647058823529411,-0.28013407181054295,-0.2574454468403053,109.5795327372126
15,Azerbaijan,51,BEA,1,SOFT,25,2,0.0392156862745098,-0.013712637258957647,0.008975987711278392,107.99269771587426
15,Azerbaijan,51,BEA,3,MEDIUM,10,39,0.7647058823529411,-0.04886134453781607,-0.026172719567580435,108.673669100849
15,Azerbaijan,51,BOR,1,MEDIUM,26,2,0.0392156862745098,-0.02353740172913814,-0.0008487767589029192,108.65250481364879
15,Azerbaijan,51,BOR,3,SOFT,10,39,0.7647058823529411,-0.32872498090145325,-0.30603635593121575,111.39898728266716
15,Azerbaijan,51,BOT,1,MEDIUM,23,2,0.0392156862745098,0.039382485570807826,0.062071110541043584,110.1801235514612
15,Azerbaijan,51,BOT,3,SOFT,9,41,0.803921568627451,-0.06208039215686049,-0.039391767186624724,110.90913299499233
15,Azerbaijan,51,COL,1,MEDIUM,26,2,0.0392156862745098,0.012307429834680151,0.03499605480491487,107.57048113907646
15,Azerbaijan,51,GAS,1,MEDIUM,27,2,0.0392156862745098,-0.019458798116513607,0.0032298268537210096,107.47500058610262
15,Azerbaijan,51,HAD,1,SOFT,27,2,0.0392156862745098,-0.02397753279852133,-0.001288907828287149,106.95257218083532
15,Azerbaijan,51,HAD,3,MEDIUM,10,39,0.7647058823529411,-0.14017952635599298,-0.11749090138575637,107.86626910855409
15,Azerbaijan,51,HAM,1,SOFT,27,2,0.0392156862745098,-0.030810956135871242,-0.008122331165637136,107.41993117223645
15,Azerbaijan,51,HAM,3,MEDIUM,10,39,0.7647058823529411,-0.1935777947542631,-0.17088916978402863,109.10581456309961
15,Azerbaijan,51,HUL,1,MEDIUM,26,2,0.0392156862745098,-0.006082657999584671,0.016605966970650744,108.56987340688761
15,Azerbaijan,51,HUL,3,SOFT,10,39,0.7647058823529411,-0.10811675579322094,-0.08542813082298853,109.13011370500382
15,Azerbaijan,51,LAW,1,SOFT,25,2,0.0392156862745098,-0.036349200793727394,-0.013660575823491823,108.39695436426001
15,Azerbaijan,51,LAW,3,SOFT,10,39,0.7647058823529411,-0.1757228163992832,-0.15303419142905098,108.96696178777252
15,Azerbaijan,51,LEC,1,SOFT,27,2,0.0392156862745098,-0.036584872972161196,-0.01389624800192596,107.2830954641818
15,Azerbaijan,51,LEC,3,MEDIUM,10,39,0.7647058823529411,-0.11693710211356716,-0.09424847714333466,107.82963274491776
15,Azerbaijan,51,LIN,1,MEDIUM,26,2,0.0392156862745098,-0.0274130590658639,-0.004724434095629596,108.49803560245286
15,Azerbaijan,51,LIN,3,SOFT,10,39,0.7647058823529411,-0.11400203717850604,-0.09131341220826858,109.11549161167144
15,Azerbaijan,51,NOR,1,MEDIUM,27,2,0.0392156862745098,-0.015212754831506333,0.0074758701387313735,107.42132086193031
15,Azerbaijan,51,OCO,1,SOFT,25,2,0.0392156862745098,-0.019474899262267233,0.0032137257079665783,108.25499671214905
15,Azerbaijan,51,OCO,3,MEDIUM,10,39,0.7647058823529411,-0.06053450471097219,-0.037845879740738386,108.62579680647667
15,Azerbaijan,51,PER,1,MEDIUM,26,2,0.0392156862745098,0.00127641142971362,0.023965036399947466,108.64291680928673
15,Azerbaijan,51,PER,3,SOFT,10,39,0.7647058823529411,-0.06400203717850458,-0.04131341220827139,109.41899161167149
15,Azerbaijan,51,PIA,1,SOFT,27,2,0.0392156862745098,-0.023598643586541516,-0.0009100186163065384,106.9310211485585
15,Azerbaijan,51,PIA,3,MEDIUM,10,39,0.7647058823529411,-0.06723147440794075,-0.04454284943770675,108.40040547219051
15,Azerbaijan,51,RUS,1,MEDIUM,27,2,0.0392156862745098,-0.016679481039289297,0.006009143930944249,106.4992785222261
15,Azerbaijan,51,RUS,3,SOFT,10,39,0.7647058823529411,-0.08086134453781339,-0.05817271956757763,106.57449638128142
15,Azerbaijan,51,SAI,1,MEDIUM,17,2,0.0392156862745098,-0.017757841689114075,0.004930783281123736,108.80300989868037
15,Azerbaijan,51,SAI,4,SOFT,10,39,0.7647058823529411,-0.2041513878278615,-0.18146276285762383,110.76944655920589
15,Azerbaijan,51,VER,1,MEDIUM,27,2,0.0392156862745098,-0.007589463176955305,0.015099161793280294,106.67640402564068
15,Azerbaijan,51,VER,3,SOFT,10,39,0.7647058823529411,-0.07928775146422233,-0.056599126493986185,106.58267819946322
